content,cleaned_content
一艘船上的五只动物代表马斯洛需求的五个层次。水豚追求吃喝拉撒睡，是最基础的生理需求，也是小猫第一个同伴。狐猴代表安全需求，保护财产，避免威胁，但狐猴保卫的是一堆毫无价值的瓶瓶罐罐，他是二号同伴。三号是金毛狗，代表社交需要，无论是坏社交（狐朋狗友），还是好社交（与小猫），都是对爱和归属感的需要。然后是鹭鹰，对尊重的需要，人类理性中最高贵最接近神性的一部分。最后小猫则是自我实现的需求，它不断在大洪水和漂流中经历五个需求的变化，最后在拯救河豚的行动中完成自我。片中数次表现小猫落水，片尾它亦凝视水中倒影的自己。洪水代表潜意识，鲸鱼代表想象中自由的自我和搁浅时恐惧的自我，所有的自我需求都隐藏在潜意识的深水区里，等待下一次的潮起潮落。,一艘船上的五只动物代表马斯洛需求的五个层次 水豚追求吃喝拉撒睡 是最基础的生理需求 也是小猫第一个同伴 狐猴代表安全需求 保护财产 避免威胁 但狐猴保卫的是一堆毫无价值的瓶瓶罐罐 他是二号同伴 三号是金毛狗 代表社交需要 无论是坏社交 狐朋狗友 还是好社交 与小猫 都是对爱和归属感的需要 然后是鹭鹰 对尊重的需要 人类理性中最高贵最接近神性的一部分 最后小猫则是自我实现的需求 它不断在大洪水和漂流中经历五个需求的变化 最后在拯救河豚的行动中完成自我 片中数次表现小猫落水 片尾它亦凝视水中倒影的自己 洪水代表潜意识 鲸鱼代表想象中自由的自我和搁浅时恐惧的自我 所有的自我需求都隐藏在潜意识的深水区里 等待下一次的潮起潮落
哈哈哈哈，这片子里猫很人、鹭鹰很人、卡皮巴拉很人、环尾狐猴很人，就金毛，怎么还那么狗啊。,哈哈哈哈 这片子里猫很人 鹭鹰很人 卡皮巴拉很人 环尾狐猴很人 就金毛 怎么还那么狗啊
人死光挺好的,人死光挺好的
没有这只拉布拉多，从此狗界低众生一等。@博纳大悦城SRIFF2024,没有这只拉布拉多 从此狗界低众生一等 博纳大悦城SRIFF2024
在荒芜时代大洪水来临，化身为动物的“人类”向圣山漂流。被人类塑为地上灵性之神的猫，在神像顶端等来了诺亚之舟，孤身却常常惊惧的黑猫，孤身但情绪稳定的卡皮巴拉，和三只脱离群体的动物，虚荣自我的环尾狐猴，盲从的狗群中友善的金毛，叫板权威和宗族的鹭鹰。共同驶过文明的遗迹，所有船只都指向那同一个终点，水珠升腾，等待召唤，属于天的高洁之鸟羽化登仙，属于地灵的猫被凝结人类情感羁绊的玻璃球托起，顾虑蒙昧狗群的动物甚至没有登上圣山的机会，浮沉于人间又如何。洪水退却时环尾狐猴聚集在议事厅，推选新一任只看着自己的王，终究没有忘记共患难的情谊，终究只有独立的个体才能结伴更好的生存，鹿群是天命审判的灾厄象征，鲸是海中持剑又仁慈的天使。我们靠在一起看着倒影，我又是谁？,在荒芜时代大洪水来临 化身为动物的 人类 向圣山漂流 被人类塑为地上灵性之神的猫 在神像顶端等来了诺亚之舟 孤身却常常惊惧的黑猫 孤身但情绪稳定的卡皮巴拉 和三只脱离群体的动物 虚荣自我的环尾狐猴 盲从的狗群中友善的金毛 叫板权威和宗族的鹭鹰 共同驶过文明的遗迹 所有船只都指向那同一个终点 水珠升腾 等待召唤 属于天的高洁之鸟羽化登仙 属于地灵的猫被凝结人类情感羁绊的玻璃球托起 顾虑蒙昧狗群的动物甚至没有登上圣山的机会 浮沉于人间又如何 洪水退却时环尾狐猴聚集在议事厅 推选新一任只看着自己的王 终究没有忘记共患难的情谊 终究只有独立的个体才能结伴更好的生存 鹿群是天命审判的灾厄象征 鲸是海中持剑又仁慈的天使 我们靠在一起看着倒影 我又是谁
太美了太美了！人类死绝后的世界太美了！洪水灭世之少年猫的奇幻漂流，真正诠释了什么叫一个都不能少。导演用五年时间手绘自然奇观，每张截图都是屏保。想加入拜猫教…,太美了太美了 人类死绝后的世界太美了 洪水灭世之少年猫的奇幻漂流 真正诠释了什么叫一个都不能少 导演用五年时间手绘自然奇观 每张截图都是屏保 想加入拜猫教
这个家没有卡皮巴拉迟早得散,这个家没有卡皮巴拉迟早得散
本以为是随大流的环保主题动画片，一点也不。上船，下船，再上船，再下船，重复着生和死的赌博。小黑猫从犹豫下水到数次落水，再到熟练捕鱼。反反复复，以至于都快对这一生死间的紧张感到麻木。白鹤可以为了小黑猫折断翅膀，它在此时已经选择了死亡。然而面对小狗同伴的求助，它为了活下去选择视而不见，但也注定了它必须要离开小船的命运。潮水退去，动物们回到熟悉的土地上。没有动物可以守护海洋中的守护者，只能见证鲸鱼在陆地上等待死亡。这是一个关于一艘理想主义小船在现实主义潮水中艰难前行的故事。,本以为是随大流的环保主题动画片 一点也不 上船 下船 再上船 再下船 重复着生和死的赌博 小黑猫从犹豫下水到数次落水 再到熟练捕鱼 反反复复 以至于都快对这一生死间的紧张感到麻木 白鹤可以为了小黑猫折断翅膀 它在此时已经选择了死亡 然而面对小狗同伴的求助 它为了活下去选择视而不见 但也注定了它必须要离开小船的命运 潮水退去 动物们回到熟悉的土地上 没有动物可以守护海洋中的守护者 只能见证鲸鱼在陆地上等待死亡 这是一个关于一艘理想主义小船在现实主义潮水中艰难前行的故事
大部分蠢材编剧都应该学学这部戏的编剧怎么去刻画剧情的，一句对白都没有，就是完全依靠小动物的行为去推动，而这个世界上很多蠢货编剧连90分钟的戏都驾驭不了，只会疯狂用没用的废话台词注水。,大部分蠢材编剧都应该学学这部戏的编剧怎么去刻画剧情的 一句对白都没有 就是完全依靠小动物的行为去推动 而这个世界上很多蠢货编剧连90分钟的戏都驾驭不了 只会疯狂用没用的废话台词注水
小猫为主角的末日公路片，把所有常见动物动画中的拟人塑造完全摒弃，不论是在本届展映还是近期院线中都是一股清流，如初夏的西瓜般解暑、利尿,小猫为主角的末日公路片 把所有常见动物动画中的拟人塑造完全摒弃 不论是在本届展映还是近期院线中都是一股清流 如初夏的西瓜般解暑 利尿
#SIFF26# 太喜欢了，今年上影节看得最喜欢的一部片子，小黑猫的奇幻漂流。镜头始终以低机位记录动物的神情，代入感很强，全程没有一句对白，但是完全把动物之间的交流展现的淋漓尽致，细腻动人，性格立体，又可爱又惊险。影片结尾，洪水退去，船开到了树上，似乎回到了片子一开头时的那个场景，就好像是一个轮回。白鸟注定属于天空，巨鲸必定畅游深海，而这些勇敢冒险的动物们，则属于广袤的陆地。所以我觉得这个片子在表明，不论时代如何变迁，是海洋时代还是陆地时代，每个个体都有它需要征服的旅程。同时片子并没有出现一个人类（仅有石像状的手），说明人类曾出现过，而动物们通过水面镜子等反射，看到了自己的面貌，也诞生了自我意识。所以片子似乎也在表达，去人类中心主义后的大自然，谁才是真正的主人。总之，小猫小狗就是坠吼的！,SIFF26 太喜欢了 今年上影节看得最喜欢的一部片子 小黑猫的奇幻漂流 镜头始终以低机位记录动物的神情 代入感很强 全程没有一句对白 但是完全把动物之间的交流展现的淋漓尽致 细腻动人 性格立体 又可爱又惊险 影片结尾 洪水退去 船开到了树上 似乎回到了片子一开头时的那个场景 就好像是一个轮回 白鸟注定属于天空 巨鲸必定畅游深海 而这些勇敢冒险的动物们 则属于广袤的陆地 所以我觉得这个片子在表明 不论时代如何变迁 是海洋时代还是陆地时代 每个个体都有它需要征服的旅程 同时片子并没有出现一个人类 仅有石像状的手 说明人类曾出现过 而动物们通过水面镜子等反射 看到了自己的面貌 也诞生了自我意识 所以片子似乎也在表达 去人类中心主义后的大自然 谁才是真正的主人 总之 小猫小狗就是坠吼的
人类还能拍出这样的片儿，说明也许还有救。,人类还能拍出这样的片儿 说明也许还有救
卡皮巴拉船长！敬礼！,卡皮巴拉船长 敬礼
"电影开头挂在树上的木船，暗示洪水涨退在不断重复。
这艘毛茸茸的诺亚方舟在淹没世界的洪水中漂出最温暖的涟漪。当蛇鹫振翅引发误会，狗狗护猫的笨拙让它终于读懂善意。后来它们在船头分食小鱼的画面，胜过千言万语的和解宣言。
狐猴执着收集玻璃器皿，却在接过水豚送来的镜子时，从反光中看见比收藏更珍贵的东西——伙伴眼里的星光。
导演把洪水灾难变成童话画布：鲸鱼脊背化作救生浮岛，蛇鹫在彩虹色云霞中羽化登仙，就连悬崖边众兽咬绳救船的惊险场面，都是萌态百出的集体表情包。
片尾彩蛋搁浅的鲸鱼摆尾重归大海，所有观众都会会心一笑——这个世界永远会给温柔的生命留扇后门。
猫猫教水豚划船，高冷的蛇鹫将球踢进水里，以及猫猫终于学会游泳后的傲娇模样，这些绒毛战士们用最本真的样子告诉我们：末日洪水冲不垮的，永远是互相托举的暖意。",电影开头挂在树上的木船 暗示洪水涨退在不断重复 这艘毛茸茸的诺亚方舟在淹没世界的洪水中漂出最温暖的涟漪 当蛇鹫振翅引发误会 狗狗护猫的笨拙让它终于读懂善意 后来它们在船头分食小鱼的画面 胜过千言万语的和解宣言 狐猴执着收集玻璃器皿 却在接过水豚送来的镜子时 从反光中看见比收藏更珍贵的东西 伙伴眼里的星光 导演把洪水灾难变成童话画布 鲸鱼脊背化作救生浮岛 蛇鹫在彩虹色云霞中羽化登仙 就连悬崖边众兽咬绳救船的惊险场面 都是萌态百出的集体表情包 片尾彩蛋搁浅的鲸鱼摆尾重归大海 所有观众都会会心一笑 这个世界永远会给温柔的生命留扇后门 猫猫教水豚划船 高冷的蛇鹫将球踢进水里 以及猫猫终于学会游泳后的傲娇模样 这些绒毛战士们用最本真的样子告诉我们 末日洪水冲不垮的 永远是互相托举的暖意
彩蛋最后还是给咱们大鲸鱼一个好结局了…不然我可得难受死😣,彩蛋最后还是给咱们大鲸鱼一个好结局了 不然我可得难受死
某些神性瞬间：鹫羽化成仙，鲸搁浅陆地。,某些神性瞬间 鹫羽化成仙 鲸搁浅陆地
"3.5；以人类痕迹几乎已消除的大洪水时期为背景，透过一只猫的视角，去目睹大地变形、日月变色，画面绝美，动画形式的长镜头如入无人之境（整体框架有游戏的闯关设定），落入深海的幽闭恐惧症爆发。
五种不同性格/意识的动物集结于诺亚方舟，朝着天际线方向的山巅进发——可隐喻为寻找文明和生息的历程，期间更遭遇过狗群上船后的地盘抢夺，但导演并未往这个方向深挖，点到为止后重点落到动物们自我意识的觉醒并为共存共生而作出努力，可能这才是“陆上行舟”坠落之后它们看向水中影子的共同想法，而曾是水中世界守护者的鲸鱼，承载着从濒临死亡而复生的希望，游向开阔明朗的应许之地。
最爱白鹭羽化登仙一段，迷离如梦境，动物群体中最具反叛意识的先行者，必将最先获得自由；而留在尘世的猫猫，成长为智慧和勇气的生灵。",3 5 以人类痕迹几乎已消除的大洪水时期为背景 透过一只猫的视角 去目睹大地变形 日月变色 画面绝美 动画形式的长镜头如入无人之境 整体框架有游戏的闯关设定 落入深海的幽闭恐惧症爆发 五种不同性格 意识的动物集结于诺亚方舟 朝着天际线方向的山巅进发 可隐喻为寻找文明和生息的历程 期间更遭遇过狗群上船后的地盘抢夺 但导演并未往这个方向深挖 点到为止后重点落到动物们自我意识的觉醒并为共存共生而作出努力 可能这才是 陆上行舟 坠落之后它们看向水中影子的共同想法 而曾是水中世界守护者的鲸鱼 承载着从濒临死亡而复生的希望 游向开阔明朗的应许之地 最爱白鹭羽化登仙一段 迷离如梦境 动物群体中最具反叛意识的先行者 必将最先获得自由 而留在尘世的猫猫 成长为智慧和勇气的生灵
边看边怕他们饿着,边看边怕他们饿着
"没有人类，没有对白，只有动物们在洪水吞没的世界里寻找新的栖息方式。在危险与静谧中，有神性升腾而起。西方的城市、东方的庙宇，还有那些高耸入云的山峦，让人分不清时空。独立而充满戒备的猫，乐观无戒心的狗，处乱不惊的水豚，圣洁又孤傲的蛇鹫，以及那只有收集癖的狐猴，它想靠奇珍异宝吸引同类，但实则不过是举着镜子孤芳自赏——像极了困在社交媒体中的人。

这显然是个可做各种解读的隐喻文本，后疫情、环保主义、移民……总之关于如何被迫与他者找到和谐共处的方式。但也可做最单纯的观看，它仅仅关于一个后人类世界，动物们如何从“大逃杀”想象中生还，重新回到自然之中。水是天劫，也是孕育重生的母体。",没有人类 没有对白 只有动物们在洪水吞没的世界里寻找新的栖息方式 在危险与静谧中 有神性升腾而起 西方的城市 东方的庙宇 还有那些高耸入云的山峦 让人分不清时空 独立而充满戒备的猫 乐观无戒心的狗 处乱不惊的水豚 圣洁又孤傲的蛇鹫 以及那只有收集癖的狐猴 它想靠奇珍异宝吸引同类 但实则不过是举着镜子孤芳自赏 像极了困在社交媒体中的人 这显然是个可做各种解读的隐喻文本 后疫情 环保主义 移民 总之关于如何被迫与他者找到和谐共处的方式 但也可做最单纯的观看 它仅仅关于一个后人类世界 动物们如何从 大逃杀 想象中生还 重新回到自然之中 水是天劫 也是孕育重生的母体
导演真是精神东方人。白鸟和鲸鱼的设定好庄子啊。北冥有鱼，其名为鲲。鲲之大，不知其几千里也。化而为鸟，其名为鹏。鹏之背，不知其几千里也。白鸟羽化补天，一鲸落万物生。,导演真是精神东方人 白鸟和鲸鱼的设定好庄子啊 北冥有鱼 其名为鲲 鲲之大 不知其几千里也 化而为鸟 其名为鹏 鹏之背 不知其几千里也 白鸟羽化补天 一鲸落万物生
"末日绮丽，灵性喧腾。
Affinity is the goooodest spectacle.  

补记：标题建议改回“漂流”。原名 Straume、英译名 Flow 与早期中译名洗练地共振。而修饰语“猫猫的奇幻”画蛇添足，造成音形义多层面的不对等，且不能准确反映片中“漂流”的主体，有误导之虞。固然 Life of Pi (2012) 是有端联想，但它属于观众诠释的范畴，不应由逾越原文的译名效仿强行牵就。",末日绮丽 灵性喧腾 Affinity is the goooodest spectacle 补记 标题建议改回 漂流 原名 Straume 英译名 Flow 与早期中译名洗练地共振 而修饰语 猫猫的奇幻 画蛇添足 造成音形义多层面的不对等 且不能准确反映片中 漂流 的主体 有误导之虞 固然 Life of Pi 2012 是有端联想 但它属于观众诠释的范畴 不应由逾越原文的译名效仿强行牵就
明明是猫猫的恐怖漂流，全程惊恐……,明明是猫猫的恐怖漂流 全程惊恐
非常非常差，野生动物爱好者看了会暴怒的片，适合人群可能是喜欢卡皮巴拉烂梗的人。登场动物怕不是按照网红程度选的，而且模型做得很猎奇（那鲸鱼身上长一堆莫名其妙的棘条是认真的？而且老师我们家蛇鹫不长这样吧）。并非要求作品中的动物和现实中的一模一样，但是这也太离谱了。各种程度上都很意义不明。,非常非常差 野生动物爱好者看了会暴怒的片 适合人群可能是喜欢卡皮巴拉烂梗的人 登场动物怕不是按照网红程度选的 而且模型做得很猎奇 那鲸鱼身上长一堆莫名其妙的棘条是认真的 而且老师我们家蛇鹫不长这样吧 并非要求作品中的动物和现实中的一模一样 但是这也太离谱了 各种程度上都很意义不明
3.5 谈不上是多么了不起的动画，能拿奥斯卡实在不可思议。倘若说有什么迷人（过人）之处，是因为不需要有人，更没有什么人性。最好闭上嘴，不要解读和分析，比较好。,3 5 谈不上是多么了不起的动画 能拿奥斯卡实在不可思议 倘若说有什么迷人 过人 之处 是因为不需要有人 更没有什么人性 最好闭上嘴 不要解读和分析 比较好
沉浸式当猫85分钟。,沉浸式当猫85分钟
3.5 居然整部都是用blender做的，可惜技术力不平衡，可能是钱没花到位…. 背景和水精雕细琢，低机位长镜头很有趣，就是动物建模、毛皮和光影互动让人出戏（那猫突然就透明了），但模型运动做的特别出彩. 故事就是个post apocalyptic的寓言向童话，不同动物在quests中得到成长、克服天性、学会compromise和cooperate。最喜欢的一幕是：猫和朋友们还沉浸在大洪水退去的喜悦时，却发现救命恩鱼无助的在草地上奄奄一息，但也无能为力。,3 5 居然整部都是用blender做的 可惜技术力不平衡 可能是钱没花到位 背景和水精雕细琢 低机位长镜头很有趣 就是动物建模 毛皮和光影互动让人出戏 那猫突然就透明了 但模型运动做的特别出彩 故事就是个post apocalyptic的寓言向童话 不同动物在quests中得到成长 克服天性 学会compromise和cooperate 最喜欢的一幕是 猫和朋友们还沉浸在大洪水退去的喜悦时 却发现救命恩鱼无助的在草地上奄奄一息 但也无能为力
我以为我显卡驱动挂了。我不需要任何一部电影靠隐喻和讲道理来告诉我它好看,我以为我显卡驱动挂了 我不需要任何一部电影靠隐喻和讲道理来告诉我它好看
"讓我更印象深刻的是在電影院看完之後，一個小女生再也沒有克制住大哭起來

哭吧哭吧，不管是最後的擱淺的大魚，還是羽化而登仙的大鳥，或許正如片名flow一樣，人生就是不斷向著遠方漂流，偶爾遇到同行的朋友，遇到陌生的景色，相識，再到告別，好好告別就好了。

我從來都相信，我們都有美好的未來。",讓我更印象深刻的是在電影院看完之後 一個小女生再也沒有克制住大哭起來 哭吧哭吧 不管是最後的擱淺的大魚 還是羽化而登仙的大鳥 或許正如片名flow一樣 人生就是不斷向著遠方漂流 偶爾遇到同行的朋友 遇到陌生的景色 相識 再到告別 好好告別就好了 我從來都相信 我們都有美好的未來
无论是动画还是3D动画，都让我感到兴奋的杰作，在大国工业主导动画形态的时代，还有小国行业保留着最后的一线曙光，一切无聊的商业形态，都在真挚的表达下相形见绌，每一幕都是对心灵的顶礼，新时代亚当夏娃的语言故事，形象般的处处伫立着的雕像和宛如山般耸起的凸状物，无一不是对精神的召唤，富有东方韵律的山峦，极具神秘感的场景设置，影片前后的场景对照，我们究竟行至了何处？,无论是动画还是3D动画 都让我感到兴奋的杰作 在大国工业主导动画形态的时代 还有小国行业保留着最后的一线曙光 一切无聊的商业形态 都在真挚的表达下相形见绌 每一幕都是对心灵的顶礼 新时代亚当夏娃的语言故事 形象般的处处伫立着的雕像和宛如山般耸起的凸状物 无一不是对精神的召唤 富有东方韵律的山峦 极具神秘感的场景设置 影片前后的场景对照 我们究竟行至了何处
太对了，以后独立游戏工作室别再做你那几十块钱流程三小时五小时头重脚轻没做完还硬端上来自称留白让观众独自感悟的独立游戏了，来做动画电影吧，能拿奥斯卡呢,太对了 以后独立游戏工作室别再做你那几十块钱流程三小时五小时头重脚轻没做完还硬端上来自称留白让观众独自感悟的独立游戏了 来做动画电影吧 能拿奥斯卡呢
我会洗干净毛发爬上桅杆，撑起我们葡萄枝嫩叶般的家。,我会洗干净毛发爬上桅杆 撑起我们葡萄枝嫩叶般的家
没人说话的电影就是好…总是对鲸有着格外的感情，神秘的、庞大的、静默的、神性的，上帝的衍生物，人无法企及之地，如此敬畏的力量——最终它把海洋归还给了陆地。用动物作主角省略了很多人与人相处复杂的问题，也抛弃了善恶的道德判断，但其实在灾难面前，我们也都是动物，在神的面前，万物谦卑，万物静默如谜，万物寂灭，然后生长,没人说话的电影就是好 总是对鲸有着格外的感情 神秘的 庞大的 静默的 神性的 上帝的衍生物 人无法企及之地 如此敬畏的力量 最终它把海洋归还给了陆地 用动物作主角省略了很多人与人相处复杂的问题 也抛弃了善恶的道德判断 但其实在灾难面前 我们也都是动物 在神的面前 万物谦卑 万物静默如谜 万物寂灭 然后生长
"一个动物版诺亚方舟故事，没有讨厌的人类，大好评。猫猫的神态刻画很细腻，叫声很真实，不是那种千篇一律喵喵叫。看到小黑猫跋山涉水，真是勇敢猫猫不畏艰难，作为两只猫的老母亲为它心生骄傲（偏题）。鸟哥/姐过于靠谱，准备有机会去动物园看一下这种鸟类。

所谓隐喻什么的，我个人观感来说，以动物比喻人类，人生际遇种种，难得有靠谱伙伴，虽然这些伙伴多多少少都有些自己的小毛病；有些人短暂同路但并不能成为真正的伙伴。

感觉这才是我想要的动画片，润物无声，看完各有感悟，而不是高喊口号我命由我不由天。",一个动物版诺亚方舟故事 没有讨厌的人类 大好评 猫猫的神态刻画很细腻 叫声很真实 不是那种千篇一律喵喵叫 看到小黑猫跋山涉水 真是勇敢猫猫不畏艰难 作为两只猫的老母亲为它心生骄傲 偏题 鸟哥 姐过于靠谱 准备有机会去动物园看一下这种鸟类 所谓隐喻什么的 我个人观感来说 以动物比喻人类 人生际遇种种 难得有靠谱伙伴 虽然这些伙伴多多少少都有些自己的小毛病 有些人短暂同路但并不能成为真正的伙伴 感觉这才是我想要的动画片 润物无声 看完各有感悟 而不是高喊口号我命由我不由天
好美啊！,好美啊
卡皮巴拉也是好鼠，白鸟也是好鸟，好狗只有拉布拉多，狐猴全是破烂王,卡皮巴拉也是好鼠 白鸟也是好鸟 好狗只有拉布拉多 狐猴全是破烂王
很喜欢 鲸鱼和蛇鹫的设计 掌舵者 救助者 自然宇宙 生生不息，不断成长 而朋友一直在身边,很喜欢 鲸鱼和蛇鹫的设计 掌舵者 救助者 自然宇宙 生生不息 不断成长 而朋友一直在身边
【丝路电影节·博纳大悦城映后场】小黑猫的末日公路（航海）片，因为突然而至的大洪水不得已踏上旅程，同行伙伴有拉布拉多、环尾狐猴、卡皮巴拉、白鹭，听起来就足够有趣了哈哈。影片中没有出现一个人类，但到处都是人类留下的痕迹（桌子上画着猫猫的纸张、船只、各种形态的雕像、巨大的建筑、还有明显曾经是宠物的主角们），没有明说但应该是类似于《猩球崛起》这样的背景设定。全程无对白显得音乐格外抓人，小动物追逐的紧张刺激，洪水呼啸而来的压迫窒息，猫猫下水捉鱼的灵动欢快，都让人印象深刻。各种小动物动态都蛮逼真，一定会让家有猫狗的铲屎官会心一笑，映后环节动画导演说预算有限，是用免费的blender软件制作完成的，更觉得团队了不起。最有缘的是，晚上回家路上遇到一只几乎长得一模一样的小黑猫🥰,丝路电影节 博纳大悦城映后场 小黑猫的末日公路 航海 片 因为突然而至的大洪水不得已踏上旅程 同行伙伴有拉布拉多 环尾狐猴 卡皮巴拉 白鹭 听起来就足够有趣了哈哈 影片中没有出现一个人类 但到处都是人类留下的痕迹 桌子上画着猫猫的纸张 船只 各种形态的雕像 巨大的建筑 还有明显曾经是宠物的主角们 没有明说但应该是类似于 猩球崛起 这样的背景设定 全程无对白显得音乐格外抓人 小动物追逐的紧张刺激 洪水呼啸而来的压迫窒息 猫猫下水捉鱼的灵动欢快 都让人印象深刻 各种小动物动态都蛮逼真 一定会让家有猫狗的铲屎官会心一笑 映后环节动画导演说预算有限 是用免费的blender软件制作完成的 更觉得团队了不起 最有缘的是 晚上回家路上遇到一只几乎长得一模一样的小黑猫
“人，在没有你们存在的时间线里，猫过得很好。”,人 在没有你们存在的时间线里 猫过得很好
航向圣山的动物版诺亚方舟，你可以说它是隐喻，但绝不是拟人。不然的话，为什么全片没有一句人类对白，而全是“鸡同鸭讲”的动物叫声呢？从自救到救人，从敌对到合作，小黑猫学会的不是所谓的人类精神，而是一切生灵的本能和情感。这不是一部教育片，这又是一部最好的教育片。为什么要善待小动物？答案就在这部电影里。,航向圣山的动物版诺亚方舟 你可以说它是隐喻 但绝不是拟人 不然的话 为什么全片没有一句人类对白 而全是 鸡同鸭讲 的动物叫声呢 从自救到救人 从敌对到合作 小黑猫学会的不是所谓的人类精神 而是一切生灵的本能和情感 这不是一部教育片 这又是一部最好的教育片 为什么要善待小动物 答案就在这部电影里
过程没有特别戳到哪里的泪点全程都呜呜呜呜呜呜呜宝宝啊啊啊啊啊啊啊啊结尾有一种对自然和哲学和神秘的宗教意味上的震撼虽然很想解读但所有爹味解说都会是对它的不敬……出了电影院哭得裂开，后劲儿太大了这也,过程没有特别戳到哪里的泪点全程都呜呜呜呜呜呜呜宝宝啊啊啊啊啊啊啊啊结尾有一种对自然和哲学和神秘的宗教意味上的震撼虽然很想解读但所有爹味解说都会是对它的不敬 出了电影院哭得裂开 后劲儿太大了这也
废土世界观+反人类中心主义+神话叙事+无对白+超多长镜头……这样的架构出现在同一部动画里，还真是极其难得的观影体验啊。当然，更多的观众走进影厅可能意不在此，就只为了看看能萌化万物的黑猫以及新晋萌宠卡皮巴拉。（另外需要提醒的是，因为是动物视角，镜头拉得很低，加上频繁晃动的长镜头，对晕车人士不太友好，想避免不适，最好还是坐在后几排。）,废土世界观 反人类中心主义 神话叙事 无对白 超多长镜头 这样的架构出现在同一部动画里 还真是极其难得的观影体验啊 当然 更多的观众走进影厅可能意不在此 就只为了看看能萌化万物的黑猫以及新晋萌宠卡皮巴拉 另外需要提醒的是 因为是动物视角 镜头拉得很低 加上频繁晃动的长镜头 对晕车人士不太友好 想避免不适 最好还是坐在后几排
黑猫自动五星😭😭😭😭 (dogs are trash,黑猫自动五星 dogs are trash
★★★☆ 少年喵的奇幻漂流，為黑貓與白鳥點播一首《黑白配》。組隊、內訌、分工、矛盾、出走、重聚，雖然是一群動物的末日逃亡，但又何嘗不是一群不同族群的人類呢？甚至能夠從細枝末節處看出些許對應種族的特征，即便全片無台詞也隱隱地做著社會議題表達，反歧視、反霸凌、反隔離，更何況電影花了五年時間製作，貫穿了那一場席捲全球的災難，只不過就表達而言，還是表面了一些。視聽語言上，Gints Zilbalodis交出了令人驚艷的答卷，尤其是鏡頭令人沉浸其中一同經歷冒險，然而，因為背景是洪水滅世，用CG呈現肯定是最佳選擇，但是一眾動物們的製作遠不如環境，成了無法忽略的扣分項。,少年喵的奇幻漂流 為黑貓與白鳥點播一首 黑白配 組隊 內訌 分工 矛盾 出走 重聚 雖然是一群動物的末日逃亡 但又何嘗不是一群不同族群的人類呢 甚至能夠從細枝末節處看出些許對應種族的特征 即便全片無台詞也隱隱地做著社會議題表達 反歧視 反霸凌 反隔離 更何況電影花了五年時間製作 貫穿了那一場席捲全球的災難 只不過就表達而言 還是表面了一些 視聽語言上 Gints Zilbalodis交出了令人驚艷的答卷 尤其是鏡頭令人沉浸其中一同經歷冒險 然而 因為背景是洪水滅世 用CG呈現肯定是最佳選擇 但是一眾動物們的製作遠不如環境 成了無法忽略的扣分項
真正的朋友是这个孤寂世界中我们唯一拥有的，哪怕我们属于完全不同的族类。猫好，鸟好，狗好，鲸好，豚好，猴好。但三只流氓狗真的坏。,真正的朋友是这个孤寂世界中我们唯一拥有的 哪怕我们属于完全不同的族类 猫好 鸟好 狗好 鲸好 豚好 猴好 但三只流氓狗真的坏
10.11 没有人类的世界真的太美好了。,10 11 没有人类的世界真的太美好了
想对自己的猫咪说，如果人类从这个世界被一键删除（很好），希望我能变成你的大鱼～～,想对自己的猫咪说 如果人类从这个世界被一键删除 很好 希望我能变成你的大鱼
画面很美，故事很治愈。全片没有人类，每种动物都保有人性的影子，人性的影子越少越纯粹，最后跨越物种的情谊更像是一个美好的童话。,画面很美 故事很治愈 全片没有人类 每种动物都保有人性的影子 人性的影子越少越纯粹 最后跨越物种的情谊更像是一个美好的童话
只能夸一句，“勇于尝试值得鼓励”，鼓励给7分吧。至于从影视剧角度来看，很难称之为一部“影片”。油管看看就好，至于去影院看……有点勉强。,只能夸一句 勇于尝试值得鼓励 鼓励给7分吧 至于从影视剧角度来看 很难称之为一部 影片 油管看看就好 至于去影院看 有点勉强
为什么动物画得相对比较假，但场景又那么真呢？很纯粹，很轻盈，很多长镜头，搞得我好几次差点睡着💤灵性与神性，诺亚方舟，这个文本有很多种解读方式，卡皮巴拉和拉猪好可爱。,为什么动物画得相对比较假 但场景又那么真呢 很纯粹 很轻盈 很多长镜头 搞得我好几次差点睡着 灵性与神性 诺亚方舟 这个文本有很多种解读方式 卡皮巴拉和拉猪好可爱
看完英语原声版《头脑特工队2》后再接再厉观看了《漂流》，起初不免觉得本片的三维动画技术不太给力，不过作为相对低成本的独立制作，能拍出如此效果也挺厉害。通俗易懂的内容也比「金兹·兹巴洛迪斯」导演的上一部动画长片《离开》更博得我的青睐。→ 2025.02.14：边听边唱完「五月天」专辑《第二人生 (明日版)》，第11首《诺亚方舟》让我联想到《猫猫的奇幻漂流》，于是就找来重看一遍这部影片。今天的我突然有点明白为何最近颁奖季蛮多奖项的最佳动画长片颁给这部《Flow》而不是我更喜爱的2024年全球票房冠军《Inside Out 2》了。,看完英语原声版 头脑特工队2 后再接再厉观看了 漂流 起初不免觉得本片的三维动画技术不太给力 不过作为相对低成本的独立制作 能拍出如此效果也挺厉害 通俗易懂的内容也比 金兹 兹巴洛迪斯 导演的上一部动画长片 离开 更博得我的青睐 2025 02 14 边听边唱完 五月天 专辑 第二人生 明日版 第11首 诺亚方舟 让我联想到 猫猫的奇幻漂流 于是就找来重看一遍这部影片 今天的我突然有点明白为何最近颁奖季蛮多奖项的最佳动画长片颁给这部 Flow 而不是我更喜爱的2024年全球票房冠军 Inside Out 2 了
"和第一遍在电脑上的观感产生了明显的差别。不仅仅是从主机到大银幕的游戏感的放大，更多的是视觉之外如何塑造一个“后人类世”的文本与情景。
一方面，这种对去人类中心化的动物世界的观察与复制无疑是一种生态整体主义。伴随的还有自然对人类文明遗迹的反噬，甚至动物的表演（若将其视作演员的话）、对语言的摈弃都在还原一种非拟人化的本真状态。
但与此同时，诸如blender渲染对光影、被简化的植被与毛发几何形态、对流体的程式化模拟等等科技所塑造的强烈的虚拟感又直指一种建构主义路径。影片外作为制作者的人类使用前沿技术塑造现实，而影片里动物则利用废墟将人类技术遗产重构为生态新秩序的元件，从而完成了一次人类与非人类实体间的双向的ANT。这是一种矛盾，也是anthropocene的两种路径与面向。",和第一遍在电脑上的观感产生了明显的差别 不仅仅是从主机到大银幕的游戏感的放大 更多的是视觉之外如何塑造一个 后人类世 的文本与情景 一方面 这种对去人类中心化的动物世界的观察与复制无疑是一种生态整体主义 伴随的还有自然对人类文明遗迹的反噬 甚至动物的表演 若将其视作演员的话 对语言的摈弃都在还原一种非拟人化的本真状态 但与此同时 诸如blender渲染对光影 被简化的植被与毛发几何形态 对流体的程式化模拟等等科技所塑造的强烈的虚拟感又直指一种建构主义路径 影片外作为制作者的人类使用前沿技术塑造现实 而影片里动物则利用废墟将人类技术遗产重构为生态新秩序的元件 从而完成了一次人类与非人类实体间的双向的ANT 这是一种矛盾 也是anthropocene的两种路径与面向
没有一句台词，作为观众仿佛也跟随着经历了一场奇幻漂流，实在是有太多太多感触了，真的好棒的一部作品！卡皮巴拉，终于可以在动画电影里上大分了！,没有一句台词 作为观众仿佛也跟随着经历了一场奇幻漂流 实在是有太多太多感触了 真的好棒的一部作品 卡皮巴拉 终于可以在动画电影里上大分了
我支持《猫猫的奇幻漂流》拿奥斯卡最佳影片！,我支持 猫猫的奇幻漂流 拿奥斯卡最佳影片
专门等到了上映，喜欢这次的中译片名，猫猫就是少年派（看完脑子里已经在单曲循环paradise）。也许每种动物的存在都有他们所承载的隐喻，就像飞鸟和鱼，或为追寻应许之地，或为一鲸落万物生的拯救。但也许故事没有那么复杂，就像末日洪水之下，照旧有吃，睡，活着的卡皮巴拉。但还是在鲸鱼搁浅的瞬间止不住眼泪，万物有灵，有生存，也一定会有寂灭,专门等到了上映 喜欢这次的中译片名 猫猫就是少年派 看完脑子里已经在单曲循环paradise 也许每种动物的存在都有他们所承载的隐喻 就像飞鸟和鱼 或为追寻应许之地 或为一鲸落万物生的拯救 但也许故事没有那么复杂 就像末日洪水之下 照旧有吃 睡 活着的卡皮巴拉 但还是在鲸鱼搁浅的瞬间止不住眼泪 万物有灵 有生存 也一定会有寂灭
末世之后，不再有人类，也不再有人类的故事。动物的诺亚方舟，无序的漂流、荒芜的岛屿、残存的人类遗迹、鲸的搁浅，希望何存。想到《纪念碑谷》中有一章，中文译为“子裔独对路茫茫”。万物走向寂灭，在猫猫狗狗的温情中有梦境的悲凉。,末世之后 不再有人类 也不再有人类的故事 动物的诺亚方舟 无序的漂流 荒芜的岛屿 残存的人类遗迹 鲸的搁浅 希望何存 想到 纪念碑谷 中有一章 中文译为 子裔独对路茫茫 万物走向寂灭 在猫猫狗狗的温情中有梦境的悲凉
呜呜呜没有人类的世界就是最完美的,呜呜呜没有人类的世界就是最完美的
太喜欢了！无比温柔的末日共同体。,太喜欢了 无比温柔的末日共同体
唯一的缺点就是画风真的太抽象，故事本身不论是当寓言还是预言都可以代入,唯一的缺点就是画风真的太抽象 故事本身不论是当寓言还是预言都可以代入
20250301 生硬的物理引擎，华丽的水环境渲染但没水的部分像学生作品一样尴尬。对这些后人类文明景象、巨物奇观如此盛赞，大家是没见过旺达与巨像或者战神系列吗？这不就是20年前3A大作的剧情CG吗？,20250301 生硬的物理引擎 华丽的水环境渲染但没水的部分像学生作品一样尴尬 对这些后人类文明景象 巨物奇观如此盛赞 大家是没见过旺达与巨像或者战神系列吗 这不就是20年前3A大作的剧情CG吗
片尾字幕后有一个小彩蛋！大家看完后再走！,片尾字幕后有一个小彩蛋 大家看完后再走
天呐～ 看得我心都要融化了～～～ 没有对白 撇开了人类对动物的拟人化视角，回归到了纯粹的动物视角。洪水淹没世界、人类也随即消失，一只流离失所的小黑猫跳上了一艘小船得意脱险，这艘小孤舟一路上救起了小狗、狐猴、白鹭等小动物，开启了像《少年派的奇幻漂流》一样的诺亚方舟的漂流历险。虽然没有《少年派》那样的沉重隐喻，但是小动物们在这个小小庇护所上不仅要面对外界自然环境的挑战、还要解决应对内部带来的冲突。猫生性怕水，它在7次落水后学会了游泳并且捕获小鱼分享给同伴；离开狗群的小狗慢慢有了自我意识；落单的白鹭是小猫的保护神 它教小猫学会了思考、了解自己到底是谁、领悟到善良和不忍心有时不一定是好事；曾经帮助被树杈卡住小船的「救赎者」鲸鱼 最后因为洪水退去而搁浅，在生命的最后和小猫对视也让小猫领悟了生命的意义。,天呐 看得我心都要融化了 没有对白 撇开了人类对动物的拟人化视角 回归到了纯粹的动物视角 洪水淹没世界 人类也随即消失 一只流离失所的小黑猫跳上了一艘小船得意脱险 这艘小孤舟一路上救起了小狗 狐猴 白鹭等小动物 开启了像 少年派的奇幻漂流 一样的诺亚方舟的漂流历险 虽然没有 少年派 那样的沉重隐喻 但是小动物们在这个小小庇护所上不仅要面对外界自然环境的挑战 还要解决应对内部带来的冲突 猫生性怕水 它在7次落水后学会了游泳并且捕获小鱼分享给同伴 离开狗群的小狗慢慢有了自我意识 落单的白鹭是小猫的保护神 它教小猫学会了思考 了解自己到底是谁 领悟到善良和不忍心有时不一定是好事 曾经帮助被树杈卡住小船的 救赎者 鲸鱼 最后因为洪水退去而搁浅 在生命的最后和小猫对视也让小猫领悟了生命的意义
对不起，但无聊是原罪。,对不起 但无聊是原罪
这画风做成游戏绝了,这画风做成游戏绝了
画面唯美，只是有一点无聊，不推荐。,画面唯美 只是有一点无聊 不推荐
又看哭了。我太伤感了😭可以哭好久呜呜呜呜呜呜。猫猫站在猫猫雕像上急得喵喵叫时我就忍不住哭哭了。结局太悲伤了。超棒的作品。人类需要更多这样的作品。,又看哭了 我太伤感了 可以哭好久呜呜呜呜呜呜 猫猫站在猫猫雕像上急得喵喵叫时我就忍不住哭哭了 结局太悲伤了 超棒的作品 人类需要更多这样的作品
“动画的意义”,动画的意义
上影第二部。隐去了故事的背景，世界如何荒芜，人类如何消失，只留下小动物在这个世界自由奔跑和生存，全片无对白，更凸显人类语言的苍白无力。养猫人心都化了，好美好感动，小动物更懂世界的生存法则。感谢友友出票。,上影第二部 隐去了故事的背景 世界如何荒芜 人类如何消失 只留下小动物在这个世界自由奔跑和生存 全片无对白 更凸显人类语言的苍白无力 养猫人心都化了 好美好感动 小动物更懂世界的生存法则 感谢友友出票
有灵性神性。看完仿佛是冥想了一个半小时的感觉，同时生出一种即便是沧海桑田变幻也想守护诺言的情愫，真是奇怪。对了是我们家猫陪着我看的，它看得很认真,有灵性神性 看完仿佛是冥想了一个半小时的感觉 同时生出一种即便是沧海桑田变幻也想守护诺言的情愫 真是奇怪 对了是我们家猫陪着我看的 它看得很认真
#下场看什么#三星半，观感上有点在理解与不理解之间摇荡，比如剧作的起承转合到底在哪里，比如整个大背景究竟是因何而生，颇有几分当年看《拾荒者统治》时的困惑，但考虑再三觉得可能就是纯粹寓言的惯用留白法吧。1.五种动物对应马斯洛金字塔的五层，以猫猫的自我实现为主线来呈现，而配角动物则犹如圣经故事中诺亚方舟之上的先知、愚者和神。2.最爱的段落是白鹭羽羽化登仙，实在太漂亮的一段镜头，绝美不足以形容大银幕的震撼。3.感觉还有一丝信任危机的意味，在前半段内一直看出一种“不信任任何人是一件多么孤独的事情啊”的质感，但这倒也符合动物设定。4.节奏足够紧张刺激，看猫猫的惊险日常一直在提心吊胆，喜欢中间的梦境呈现之巧思。5.采用动物拟音，最大化真实。6.配乐怪诞美。7.林中鲸落与下一轮洪水的到来。（7.0/10）,下场看什么 三星半 观感上有点在理解与不理解之间摇荡 比如剧作的起承转合到底在哪里 比如整个大背景究竟是因何而生 颇有几分当年看 拾荒者统治 时的困惑 但考虑再三觉得可能就是纯粹寓言的惯用留白法吧 1 五种动物对应马斯洛金字塔的五层 以猫猫的自我实现为主线来呈现 而配角动物则犹如圣经故事中诺亚方舟之上的先知 愚者和神 2 最爱的段落是白鹭羽羽化登仙 实在太漂亮的一段镜头 绝美不足以形容大银幕的震撼 3 感觉还有一丝信任危机的意味 在前半段内一直看出一种 不信任任何人是一件多么孤独的事情啊 的质感 但这倒也符合动物设定 4 节奏足够紧张刺激 看猫猫的惊险日常一直在提心吊胆 喜欢中间的梦境呈现之巧思 5 采用动物拟音 最大化真实 6 配乐怪诞美 7 林中鲸落与下一轮洪水的到来 7 0 10
3.5。末世寓言，生命奇旅。在潮涨潮落周而复始的生态文明更替中不断成长，收获友谊与砥砺前行的勇气。弱叙事性重符号投射的文艺片实非所好，不过鹭羽化登仙一段真是美绝。,3 5 末世寓言 生命奇旅 在潮涨潮落周而复始的生态文明更替中不断成长 收获友谊与砥砺前行的勇气 弱叙事性重符号投射的文艺片实非所好 不过鹭羽化登仙一段真是美绝
"转瞬间，沧海桑田
持续着涌动的不安
被逼迫着向前奔跑
于是走到世界尽头
即使世界末日
即使文明消亡
一直走到那个你以为的制高点
但你愿意到此为止吗

或许会有志同道合的朋友陪你走一段路
但相遇也不过是偶然，淡然处之
最终的选择权依旧在于自己
你敢于离开家园、放下手中的物什吗
虽然会面对窒息、无助与永恒的孤独
但好在我们还拥有勇敢：
你永远不知道自己已经走了多远
永远不知道自己竟然能走这么远",转瞬间 沧海桑田 持续着涌动的不安 被逼迫着向前奔跑 于是走到世界尽头 即使世界末日 即使文明消亡 一直走到那个你以为的制高点 但你愿意到此为止吗 或许会有志同道合的朋友陪你走一段路 但相遇也不过是偶然 淡然处之 最终的选择权依旧在于自己 你敢于离开家园 放下手中的物什吗 虽然会面对窒息 无助与永恒的孤独 但好在我们还拥有勇敢 你永远不知道自己已经走了多远 永远不知道自己竟然能走这么远
人类已经被大洪水收走了嘛,人类已经被大洪水收走了嘛
建模场景很“游戏”，我觉得像《风之旅人》，老公觉得像《ICO》。剧情简单直白，猫猫和伙伴们的公路片。虽然是动物，却看到了人性。猫猫各种姿态太可爱了，团队真的是有养猫的，猫咪瞳孔是杏仁形不是圆形，猫咪会抓板子，会舔毛，会把东西扒到地上，会追光点。为猫猫加一星。,建模场景很 游戏 我觉得像 风之旅人 老公觉得像 ICO 剧情简单直白 猫猫和伙伴们的公路片 虽然是动物 却看到了人性 猫猫各种姿态太可爱了 团队真的是有养猫的 猫咪瞳孔是杏仁形不是圆形 猫咪会抓板子 会舔毛 会把东西扒到地上 会追光点 为猫猫加一星
喜欢电影前80%的内容——每一个动物走上诺亚方舟并非他们有多么宏大的计划，而是外部环境恶劣，他们为了生存下来，不得已走在了一起。把不同习性的动物放入一个逼仄的空间里，他们言语不通造成的误会，还有一些“弄巧成拙”的互帮互助，是我觉得电影最可爱的地方。这群动物的关系让我想到了落花流水——人和人的关系可以有相遇，不必有结果。拉脱维亚有一处黑猫景点，其中黑猫象征的是反权威，和电影的前半部分不谋而合——后人类的乌托邦里，不需要聪明的计划和领导，每个人顾好自己就能达成一种平衡。结尾处又让猫猫背负起了拯救所有人的重任，太难为他了吧！,喜欢电影前80 的内容 每一个动物走上诺亚方舟并非他们有多么宏大的计划 而是外部环境恶劣 他们为了生存下来 不得已走在了一起 把不同习性的动物放入一个逼仄的空间里 他们言语不通造成的误会 还有一些 弄巧成拙 的互帮互助 是我觉得电影最可爱的地方 这群动物的关系让我想到了落花流水 人和人的关系可以有相遇 不必有结果 拉脱维亚有一处黑猫景点 其中黑猫象征的是反权威 和电影的前半部分不谋而合 后人类的乌托邦里 不需要聪明的计划和领导 每个人顾好自己就能达成一种平衡 结尾处又让猫猫背负起了拯救所有人的重任 太难为他了吧
感觉像一款猫猫RPG的通关视频（没有贬义的意思）。,感觉像一款猫猫RPG的通关视频 没有贬义的意思
感觉像看了九十分钟屏保,感觉像看了九十分钟屏保
我刚开始看的时候就是一个头晕目眩。音效画面都绝美，甚至有一种神性的寓言意味。看完极其致郁，甚至是对任何生物都无力抵抗命运的无力感。,我刚开始看的时候就是一个头晕目眩 音效画面都绝美 甚至有一种神性的寓言意味 看完极其致郁 甚至是对任何生物都无力抵抗命运的无力感
自然根本不需要主人 潮涨潮落都有其运行逻辑//虽然已经去除了很多人类的痕迹但人类的操纵仿佛一直都在 每种动物都带有一定符号化的表述 寓言故事这么讲老套归老套 还是很容易看进去 完全属于最基础的看图说话//全篇充斥着水和皮毛这类在一般动画里很难展现真实感的东西 而表现恰当 质感好极了//看见自己是自我意识产生的开始 看见他人则是自我意识的互相投射,自然根本不需要主人 潮涨潮落都有其运行逻辑 虽然已经去除了很多人类的痕迹但人类的操纵仿佛一直都在 每种动物都带有一定符号化的表述 寓言故事这么讲老套归老套 还是很容易看进去 完全属于最基础的看图说话 全篇充斥着水和皮毛这类在一般动画里很难展现真实感的东西 而表现恰当 质感好极了 看见自己是自我意识产生的开始 看见他人则是自我意识的互相投射
"去人类中心主义的姿态，用一“言”不发的叫声取代对白，用动物的姿势取代走路。反对拟人化、人的进化，能从动物的生活习性、行为动作中看到制作组的细心观察。
叙事性弱，且摄像机的视角加剧了其作为故事片的弱点——自然主义的主观视点和跟随结合，但动物行为的不可测、不言说让肢体动作不容易让人“理解”。默片会用插卡字幕解决这个问题（如《发薪日》只能拍短片），但本片只能通过观众自己的推测。
相比起来，同样以猫作为“主角”的游戏《迷失》就没有这个问题：①机器人NPC中和了猫-人的鸿沟，这是因为机器人作为后人类本身也蕴含着人类的思维方式。②游戏而非影像的体裁天然增加了人的代入感，减小理解难度。
当然，我们一定要鼓励这种反中心主义，就像我们热衷于小妞电影（反菲勒斯中心主义）、第三世界电影（反欧美中心主义）一个道理。",去人类中心主义的姿态 用一 言 不发的叫声取代对白 用动物的姿势取代走路 反对拟人化 人的进化 能从动物的生活习性 行为动作中看到制作组的细心观察 叙事性弱 且摄像机的视角加剧了其作为故事片的弱点 自然主义的主观视点和跟随结合 但动物行为的不可测 不言说让肢体动作不容易让人 理解 默片会用插卡字幕解决这个问题 如 发薪日 只能拍短片 但本片只能通过观众自己的推测 相比起来 同样以猫作为 主角 的游戏 迷失 就没有这个问题 ①机器人NPC中和了猫 人的鸿沟 这是因为机器人作为后人类本身也蕴含着人类的思维方式 ②游戏而非影像的体裁天然增加了人的代入感 减小理解难度 当然 我们一定要鼓励这种反中心主义 就像我们热衷于小妞电影 反菲勒斯中心主义 第三世界电影 反欧美中心主义 一个道理
没想到是没有台词的电影。无论画风还是剧情，相对现在的商业动画都有不同的感觉。不过这种“诺亚方舟”式的剧情多少已经让我审美疲劳了，故只能给这个评价。,没想到是没有台词的电影 无论画风还是剧情 相对现在的商业动画都有不同的感觉 不过这种 诺亚方舟 式的剧情多少已经让我审美疲劳了 故只能给这个评价
"庞大的猫型雕塑证明猫是末日中的主角冒险者，狗是盲从但忠诚的愚者，狐猴是精致利己者，卡皮巴拉是善良有加但普通的庸人，蛇鹫是严肃古板的智者，鹿是感知厄运的通灵者，鲸是持剑守护万物生灵的天使
灾难到达顶峰时，悲观的智者放弃一切羽化登仙，只剩冒险者继续苦苦挣扎，被代表希望和文明的玻璃球托起，终于等到洪水退去，水位下降，曾经在天际翱翔的天使陨落，可通灵者表明灾难会再次来临，冒险者看着水中自己和同伴们的倒影，大概所有人心中都充满迷茫。彩蛋里鲸回到水中，可知洪水再次泛滥，那么冒险者呢？",庞大的猫型雕塑证明猫是末日中的主角冒险者 狗是盲从但忠诚的愚者 狐猴是精致利己者 卡皮巴拉是善良有加但普通的庸人 蛇鹫是严肃古板的智者 鹿是感知厄运的通灵者 鲸是持剑守护万物生灵的天使 灾难到达顶峰时 悲观的智者放弃一切羽化登仙 只剩冒险者继续苦苦挣扎 被代表希望和文明的玻璃球托起 终于等到洪水退去 水位下降 曾经在天际翱翔的天使陨落 可通灵者表明灾难会再次来临 冒险者看着水中自己和同伴们的倒影 大概所有人心中都充满迷茫 彩蛋里鲸回到水中 可知洪水再次泛滥 那么冒险者呢
简直是在演我，从开始对一切都怀有戒备心，到慢慢接纳，付出，有点后知后觉，却又不想留有遗憾，有些人错过了，有些人还在身边，有些人留在了回忆里。,简直是在演我 从开始对一切都怀有戒备心 到慢慢接纳 付出 有点后知后觉 却又不想留有遗憾 有些人错过了 有些人还在身边 有些人留在了回忆里
大洪水之后人类都死绝了吧。就…可不可以不要在小动物身上投射一整套人类社会的生存法则和价值观，真的不想做阅读理解。你们人类太容易自作多情了！,大洪水之后人类都死绝了吧 就 可不可以不要在小动物身上投射一整套人类社会的生存法则和价值观 真的不想做阅读理解 你们人类太容易自作多情了
好温柔、好有爱的动画作品啊,好温柔 好有爱的动画作品啊
这部片子最好的一点是：动物没有开口讲话。,这部片子最好的一点是 动物没有开口讲话
哪咤在这种片面前太幼稚了,哪咤在这种片面前太幼稚了
从一个人像一支队伍，到一个人组了一支队伍。,从一个人像一支队伍 到一个人组了一支队伍
2.0 / 或许人类最一厢情愿的人类中心想象就是：脱离（人类）语言就能远离人类中心主义。就像这部电影，世界观把非人类中心写在脸上，也有一些还算自觉的剧作细节，但是实际的叙事逻辑和推进效果，完完全全是把神话重写变成小学语文考试看图编故事……,2 0 或许人类最一厢情愿的人类中心想象就是 脱离 人类 语言就能远离人类中心主义 就像这部电影 世界观把非人类中心写在脸上 也有一些还算自觉的剧作细节 但是实际的叙事逻辑和推进效果 完完全全是把神话重写变成小学语文考试看图编故事
猫猫是intp，白鸟是infj，金毛是enfp，狐猴是esfj，卡皮巴拉是rest,猫猫是intp 白鸟是infj 金毛是enfp 狐猴是esfj 卡皮巴拉是rest
影片是厌人症患者的福音，但讽刺的是影院里叽叽喳喳的幼童又扰乱了这一切。,影片是厌人症患者的福音 但讽刺的是影院里叽叽喳喳的幼童又扰乱了这一切
可能是我缺乏点对哲学与萌物的感悟，全片看完的感触只是一丝淡淡的疑惑：这是在做什么？,可能是我缺乏点对哲学与萌物的感悟 全片看完的感触只是一丝淡淡的疑惑 这是在做什么
抱着我喵看的，它没坚持多久，可能因为我一直在说看看人家，看看人家,抱着我喵看的 它没坚持多久 可能因为我一直在说看看人家 看看人家
一只小猫咪的末世冒险，以及如何和其它种类的动物共同生存，很容易想到那款叫Stray的游戏。叙事几乎全部依靠不同动物的真实特性和反应（甚至同类动物不同品种的不同性格，比如片中那只拉布拉多和其它狗狗的“表现”完全不一样），因此全片无对白，甚至把拟人化的笔触减至最低，也有极具想象力的段落设计。不过猫奴看得真心累，全程为大银幕上喵星人的冒险心惊胆战，每次它深陷险境不断喵喵叫，我脚趾都抓紧了，比看汤姆克鲁斯爬迪拜楼还紧张。,一只小猫咪的末世冒险 以及如何和其它种类的动物共同生存 很容易想到那款叫Stray的游戏 叙事几乎全部依靠不同动物的真实特性和反应 甚至同类动物不同品种的不同性格 比如片中那只拉布拉多和其它狗狗的 表现 完全不一样 因此全片无对白 甚至把拟人化的笔触减至最低 也有极具想象力的段落设计 不过猫奴看得真心累 全程为大银幕上喵星人的冒险心惊胆战 每次它深陷险境不断喵喵叫 我脚趾都抓紧了 比看汤姆克鲁斯爬迪拜楼还紧张
不知为何联想到少年派的奇幻漂流甚至是七武士，也是某种公路片。献祭的圣人，狡猾的商人，憨厚靠谱的伙计，乐观的伙伴，扶持的老前辈，地痞流氓，面对类似末世灾难时如何一路成长。 类闯关RPG，同时自然类手持的晃动让画面生动不少。给大人看或许有些单调，但给小孩看又过于晦涩。,不知为何联想到少年派的奇幻漂流甚至是七武士 也是某种公路片 献祭的圣人 狡猾的商人 憨厚靠谱的伙计 乐观的伙伴 扶持的老前辈 地痞流氓 面对类似末世灾难时如何一路成长 类闯关RPG 同时自然类手持的晃动让画面生动不少 给大人看或许有些单调 但给小孩看又过于晦涩
不知为何，太像是一个影像化为主的游戏录屏了，也许是有场景、角色与情节的设置，但画面呈现好像其实没有视角,不知为何 太像是一个影像化为主的游戏录屏了 也许是有场景 角色与情节的设置 但画面呈现好像其实没有视角
有意思，不会因为我们是同类就真的是同类。每个人都有自己的人生课题，独立并不意味着孤独，合作也并不意味着同流。有些人只能一起走一段，也有些人会随时离开。充满哲思的flow。,有意思 不会因为我们是同类就真的是同类 每个人都有自己的人生课题 独立并不意味着孤独 合作也并不意味着同流 有些人只能一起走一段 也有些人会随时离开 充满哲思的flow
老实讲不太喜欢拍动物硬要拟人和加隐喻的，关键是你故事讲明白了吗？其他动物不太懂，猫和狗的好多反应和动作设计感觉是凭着对这两种最常见宠物的刻板印象。卡皮巴拉除了是网红萌物，选择它作为主角的原因是什么？全片充斥刻意讨好和白人那种自以为深刻的单薄寓言，画面更是粗糙得像10年前的游戏CG。,老实讲不太喜欢拍动物硬要拟人和加隐喻的 关键是你故事讲明白了吗 其他动物不太懂 猫和狗的好多反应和动作设计感觉是凭着对这两种最常见宠物的刻板印象 卡皮巴拉除了是网红萌物 选择它作为主角的原因是什么 全片充斥刻意讨好和白人那种自以为深刻的单薄寓言 画面更是粗糙得像10年前的游戏CG
没朋友，找朋友，丢朋友，好朋友。,没朋友 找朋友 丢朋友 好朋友
大虐！大虐！狗狗身败名裂！,大虐 大虐 狗狗身败名裂
29th biff 1.动物设置一大堆很多其实都没什么意义。2.动物之间莫名其妙产生的情感不是很能理解。3.我想看最真实的动物世界下的一些东西，过分拟人化和引射人类社会下的东西为什么不直接让真人来演？4.很多逻辑和场景莫名其妙，没什么意义。5.全程观众笑的挺开心的，我在旁边挺尴尬的。,29th biff 1 动物设置一大堆很多其实都没什么意义 2 动物之间莫名其妙产生的情感不是很能理解 3 我想看最真实的动物世界下的一些东西 过分拟人化和引射人类社会下的东西为什么不直接让真人来演 4 很多逻辑和场景莫名其妙 没什么意义 5 全程观众笑的挺开心的 我在旁边挺尴尬的
比預期的要好很多，有一種動人誠摯的自我省思，還有意料之外的哲思和當代性映射。雖則動物的製作粗糙了一些，但這些因為資源問題的技術缺陷在優點面前顯得一點都不重要，94年的導演很值得期待。,比預期的要好很多 有一種動人誠摯的自我省思 還有意料之外的哲思和當代性映射 雖則動物的製作粗糙了一些 但這些因為資源問題的技術缺陷在優點面前顯得一點都不重要 94年的導演很值得期待
"每一帧都可以直接截图当屏保，导演一定养过很多年猫和狗，把握住了动物的行为特征，表情和性格，第一视角代入感很强，台词只有喵和汪，这真是全球通用一个版本没有语言障碍
我觉得我在看的过程中我克服着我的深海恐惧症巨物恐惧症密集恐惧症还是很值得的，再紧张我都没有闭眼睛",每一帧都可以直接截图当屏保 导演一定养过很多年猫和狗 把握住了动物的行为特征 表情和性格 第一视角代入感很强 台词只有喵和汪 这真是全球通用一个版本没有语言障碍 我觉得我在看的过程中我克服着我的深海恐惧症巨物恐惧症密集恐惧症还是很值得的 再紧张我都没有闭眼睛
不想去思考什么隐喻，赋予过多的意义，心神一直随着小猫松松紧紧，它是一只真实的猫，和我大宝小动作一模一样。,不想去思考什么隐喻 赋予过多的意义 心神一直随着小猫松松紧紧 它是一只真实的猫 和我大宝小动作一模一样
特别喜欢！可爱极了！最喜欢的就是不把小动物们拟人化，对小动物们的小习性小特点都抓得特别准确，好多个瞬间都觉得心头一片柔软。与此同时又展示出大自然的严酷与天地不仁的变幻。主角小黑猫太可爱了，是一只小猫，也是所有小猫,特别喜欢 可爱极了 最喜欢的就是不把小动物们拟人化 对小动物们的小习性小特点都抓得特别准确 好多个瞬间都觉得心头一片柔软 与此同时又展示出大自然的严酷与天地不仁的变幻 主角小黑猫太可爱了 是一只小猫 也是所有小猫
相比饺子电影，更喜欢这部，没别的意思。,相比饺子电影 更喜欢这部 没别的意思
女儿去电影院看的第一部电影，哭的稀里哗啦，每次小猫落水就抽泣怕小猫上不来，出来还问大鸟去哪了。大人看出的是劫后重生的希望，小朋友只看到恐惧。,女儿去电影院看的第一部电影 哭的稀里哗啦 每次小猫落水就抽泣怕小猫上不来 出来还问大鸟去哪了 大人看出的是劫后重生的希望 小朋友只看到恐惧
感觉导演肯定是游戏迷，镜头运动太非人了。,感觉导演肯定是游戏迷 镜头运动太非人了
真的没想到有一天能看到来自拉脱维亚的电影人的作品。非常喜欢这部电影的理由是他完全还原了动物本身的情态，而不是做那种“拟人化”动画电影，真的是看累了。自由自在的想象，无边无际的漂流，流浪，流浪远方。,真的没想到有一天能看到来自拉脱维亚的电影人的作品 非常喜欢这部电影的理由是他完全还原了动物本身的情态 而不是做那种 拟人化 动画电影 真的是看累了 自由自在的想象 无边无际的漂流 流浪 流浪远方
游戏感画质，像治愈系解密游戏动画直出。,游戏感画质 像治愈系解密游戏动画直出
全程被咪咪牵动心弦，它叫一下，心疼一下，没养过猫，可是真的好想隔着屏幕抱抱它。五个相亲相爱小伙伴+一群不靠谱的臭坏狗柱们！！！期待在电影院再看一遍，实在是太爱这个题材了。,全程被咪咪牵动心弦 它叫一下 心疼一下 没养过猫 可是真的好想隔着屏幕抱抱它 五个相亲相爱小伙伴 一群不靠谱的臭坏狗柱们 期待在电影院再看一遍 实在是太爱这个题材了
洪水来了，洪水又去了，鲸落后，万物生。然后洪水又来了，世界和时间就是这么轮回。在我们不可控的世界里，go with the flow. 顺其自然，顺势而为。,洪水来了 洪水又去了 鲸落后 万物生 然后洪水又来了 世界和时间就是这么轮回 在我们不可控的世界里 go with the flow 顺其自然 顺势而为
不知道导演想隐喻什么 自身情感过分投射到动物身上在我看来是幼稚 不纯粹的价值,不知道导演想隐喻什么 自身情感过分投射到动物身上在我看来是幼稚 不纯粹的价值
不是一路人是没办法走到最后的，人生这一程，有人走有人来，要寻找同类人一起走,不是一路人是没办法走到最后的 人生这一程 有人走有人来 要寻找同类人一起走
真是个奇怪的电影啊。明明没有太多情节，却停不下来。很多次看的眼泪莫名其妙的落下来。,真是个奇怪的电影啊 明明没有太多情节 却停不下来 很多次看的眼泪莫名其妙的落下来
看到猫猫吃上第一口鱼心才放下来,看到猫猫吃上第一口鱼心才放下来
猫猫好，狗狗好，卡皮巴拉好，没有人的世界最好。,猫猫好 狗狗好 卡皮巴拉好 没有人的世界最好
画风极美。动物的拟态也很真实细腻。运镜与调度是VR式的。故事和人设则像是启示录，大洪水、船只（方舟）都具有寓言色彩。更喜欢前面一小时，是童话，富有趣味，几个动物构成了和谐的小共同体，对比当下的时代境况更显珍贵。最后半小时迈入了神话了叙事，靠神迹推进，人物命运与人物关系的交代也较为仓促。,画风极美 动物的拟态也很真实细腻 运镜与调度是VR式的 故事和人设则像是启示录 大洪水 船只 方舟 都具有寓言色彩 更喜欢前面一小时 是童话 富有趣味 几个动物构成了和谐的小共同体 对比当下的时代境况更显珍贵 最后半小时迈入了神话了叙事 靠神迹推进 人物命运与人物关系的交代也较为仓促
从去年动画艺术祭robot dreams中的狗，到今年踏上动物版诺亚方舟的猫，都是全无对白，全靠眼神肢体和镜头传达情感，依然动人极了。猫的警觉傲娇，狗的忠诚可爱，大鸟的大家长风范，卡皮巴拉的安全可靠，狐獴（？）的机灵狡黠，在极高还原动物形态和习性的同时（很喜欢猫猫追逐光斑那一段），构成残酷中不失温馨的末日童话，观影全程充满了惊喜和意外，在文明的废墟上目不转睛地看着这些毫无关联的动物如何一步步成为密切的伙伴，非常喜欢～明日是旱是涝不重要，重要的是此刻的倒影中，映照出并肩的彼此❤️,从去年动画艺术祭robot dreams中的狗 到今年踏上动物版诺亚方舟的猫 都是全无对白 全靠眼神肢体和镜头传达情感 依然动人极了 猫的警觉傲娇 狗的忠诚可爱 大鸟的大家长风范 卡皮巴拉的安全可靠 狐獴 的机灵狡黠 在极高还原动物形态和习性的同时 很喜欢猫猫追逐光斑那一段 构成残酷中不失温馨的末日童话 观影全程充满了惊喜和意外 在文明的废墟上目不转睛地看着这些毫无关联的动物如何一步步成为密切的伙伴 非常喜欢 明日是旱是涝不重要 重要的是此刻的倒影中 映照出并肩的彼此
"世界破破烂烂，猫狗缝缝补补
世界末末日日，动物拯拯救救",世界破破烂烂 猫狗缝缝补补 世界末末日日 动物拯拯救救
有一种希望这是一部能够放一辈子的电影的感觉。,有一种希望这是一部能够放一辈子的电影的感觉
NZIFF2024. 好看，但设定和世界有些没头没尾解释不清，导演Q&A时说他自己也不知道，就跟着感觉走的，服了……,NZIFF2024 好看 但设定和世界有些没头没尾解释不清 导演Q A时说他自己也不知道 就跟着感觉走的 服了
梦幻，危险，顽强的旅程。,梦幻 危险 顽强的旅程
喜欢那只善良情绪稳定的水豚，是它最开始连接了小伙伴们。结尾的彩蛋中鲸鱼回到了水中，是否说小伙伴们又一次踏上冒险呢（希望如此），还是更坏的结局？,喜欢那只善良情绪稳定的水豚 是它最开始连接了小伙伴们 结尾的彩蛋中鲸鱼回到了水中 是否说小伙伴们又一次踏上冒险呢 希望如此 还是更坏的结局
无感，不知道想表达什么。前面有很多真实呈现各个小动物习性动作的细节，比如猫拿狐猴的尾巴当逗猫棒，狐猴照镜子反射的光点被猫追逐，但越往后动物越拟人化，最后诺亚方舟式互相救助就完全拟人或超现实了。看画风会以为是什么3A游戏的过场动画，据说全片是用blender做的，反正不是我的菜。可惜《机器人之梦》早了一年，要是今年的应该把奥斯卡最佳动画给它,无感 不知道想表达什么 前面有很多真实呈现各个小动物习性动作的细节 比如猫拿狐猴的尾巴当逗猫棒 狐猴照镜子反射的光点被猫追逐 但越往后动物越拟人化 最后诺亚方舟式互相救助就完全拟人或超现实了 看画风会以为是什么3A游戏的过场动画 据说全片是用blender做的 反正不是我的菜 可惜 机器人之梦 早了一年 要是今年的应该把奥斯卡最佳动画给它
因为偏爱小猫所以➕一星 讲真看小猫历险比看动作大片沉浸感带入感高的多的多 给我紧张坏了,因为偏爱小猫所以 一星 讲真看小猫历险比看动作大片沉浸感带入感高的多的多 给我紧张坏了
"印象深刻的有一位优雅高大的蛇鹫，为了保护猫猫，不惜跟自己群体的老大单挑。
情节设计上，猫猫休憩的场所是一位隐居山林的雕塑家的房子，但雕塑家并没有出现，让人浮想联翩，此人去哪了。
内核上，舍弃了《少年派》的深刻残酷性，选择了奇幻寓言性，影像充满了沉浸式孤独冒险的氛围感。灾难来临时，不同物种之间的互助，让生命闪现光芒。
导演提到动物收音的技术层面，动物园的卡皮巴拉总是保持沉默，饲养员去挑逗它，才发出声音，然而有点尖，跟形象不符，于是用了baby骆驼的声音。鲸鱼用了慢放的老虎的声音。如果说自己最想做什么动物的话，俺跟导演一样，选择卡皮巴拉，面对任何事情都淡定，安静。",印象深刻的有一位优雅高大的蛇鹫 为了保护猫猫 不惜跟自己群体的老大单挑 情节设计上 猫猫休憩的场所是一位隐居山林的雕塑家的房子 但雕塑家并没有出现 让人浮想联翩 此人去哪了 内核上 舍弃了 少年派 的深刻残酷性 选择了奇幻寓言性 影像充满了沉浸式孤独冒险的氛围感 灾难来临时 不同物种之间的互助 让生命闪现光芒 导演提到动物收音的技术层面 动物园的卡皮巴拉总是保持沉默 饲养员去挑逗它 才发出声音 然而有点尖 跟形象不符 于是用了baby骆驼的声音 鲸鱼用了慢放的老虎的声音 如果说自己最想做什么动物的话 俺跟导演一样 选择卡皮巴拉 面对任何事情都淡定 安静
一百个人看了有一百种理解。摒弃了动画惯常的动物拟人化，完全保留了动物特性但又处处有人的影子。潮涨潮落，周而复始，身处其中的我们是什么角色,一百个人看了有一百种理解 摒弃了动画惯常的动物拟人化 完全保留了动物特性但又处处有人的影子 潮涨潮落 周而复始 身处其中的我们是什么角色
如果末日来临，希望我的猫猫也去奇幻漂流,如果末日来临 希望我的猫猫也去奇幻漂流
很少看到这么“动物感”的动画，查了一下原来导演家里就是猫狗双全，为了做这个动画还去了动物园细致观察、参考了大量动物视频，可谓很走心了。但“诺亚方舟”式的故事又很“人”，不但很少年派，也有点儿指环王，充当守护者和引路人的蛇鹫“坐化飞升”甚至有中国神话的感觉,很少看到这么 动物感 的动画 查了一下原来导演家里就是猫狗双全 为了做这个动画还去了动物园细致观察 参考了大量动物视频 可谓很走心了 但 诺亚方舟 式的故事又很 人 不但很少年派 也有点儿指环王 充当守护者和引路人的蛇鹫 坐化飞升 甚至有中国神话的感觉
这部电影最大的巧思就在于没有人话，因此不用代入人的逻辑，只需要凭借最原始的动物情感去体验电影，体会情感,这部电影最大的巧思就在于没有人话 因此不用代入人的逻辑 只需要凭借最原始的动物情感去体验电影 体会情感
各种喵和汪的小细节满满，养过的银都寄到！！！,各种喵和汪的小细节满满 养过的银都寄到
家猫目不转睛地一起看完了,家猫目不转睛地一起看完了
3D眩晕症慎看。电影台词越少，观众屁话越多。做了很多去拟人化的处理，尽可能地去还原动物本身的习性和体态，可动物之间的关系与行为逻辑依然是“人”的，很矛盾的创作思路。,3D眩晕症慎看 电影台词越少 观众屁话越多 做了很多去拟人化的处理 尽可能地去还原动物本身的习性和体态 可动物之间的关系与行为逻辑依然是 人 的 很矛盾的创作思路
跟7岁的小朋友一起看的，小朋友看哭了,跟7岁的小朋友一起看的 小朋友看哭了
2025年大洋彼岸的No.1 动画片竟是如此浪漫且饱含生命哲学。,2025年大洋彼岸的No 1 动画片竟是如此浪漫且饱含生命哲学
"莫名觉得有一点像《男孩、鼹鼠、狐狸和马》，只不过这部叙事和主题要更加宏大。

谁会不喜欢小猫呢…可爱也机警、怕被喜爱也怕被抛弃、小心翼翼地交付真心、恐惧一切也给一切留下善良和爱意。

当然，金毛、卡皮巴拉、狐猴、蛇鹫这四个也好可爱…每一个物种在末日中的团结和爱都是美好的，对于很多细节神态刻画得也都很像。

在末日中行走的诺亚方舟，没有人类也使得一切都太美好了。支持“去人类中心主义”。

我们在末世相遇，在末世依偎，讲着彼此不懂的语言，共同渡过灾祸难关。一切都在循环往复，但还好这个世界还有小猫和金毛，还好我们可以选择自己的朋友成为更亲密的家人。",莫名觉得有一点像 男孩 鼹鼠 狐狸和马 只不过这部叙事和主题要更加宏大 谁会不喜欢小猫呢 可爱也机警 怕被喜爱也怕被抛弃 小心翼翼地交付真心 恐惧一切也给一切留下善良和爱意 当然 金毛 卡皮巴拉 狐猴 蛇鹫这四个也好可爱 每一个物种在末日中的团结和爱都是美好的 对于很多细节神态刻画得也都很像 在末日中行走的诺亚方舟 没有人类也使得一切都太美好了 支持 去人类中心主义 我们在末世相遇 在末世依偎 讲着彼此不懂的语言 共同渡过灾祸难关 一切都在循环往复 但还好这个世界还有小猫和金毛 还好我们可以选择自己的朋友成为更亲密的家人
用了游戏动画那套，还整出了挺多好看的长镜头，其余都没太多可解读的地方（玩了场实景游戏，紧张刺激就够了），一种用小作坊技术创造出的独特观影感，比起同时提名那几部好莱坞流水线作品，拿奖更值得,用了游戏动画那套 还整出了挺多好看的长镜头 其余都没太多可解读的地方 玩了场实景游戏 紧张刺激就够了 一种用小作坊技术创造出的独特观影感 比起同时提名那几部好莱坞流水线作品 拿奖更值得
就是简单的讲述动物们的漂流 太治愈了,就是简单的讲述动物们的漂流 太治愈了
"看介绍有21次获奖加2次奥斯卡提名且是一部猫咪为主角的动画电影，本福瑞控狂喜疯狂来袭。看完真的很像<少年派的奇幻漂流>，都是画面美得发癫，然后各种隐喻要看豆瓣影评分析那种。不过感觉这部最厉害的，是以往一些动物电影都是从人的视角看世界，这部电影真的让你感觉是从动物视角看世界，还反过来看出了很多人类世界的丛林法则。最后飞鸟升天大鱼离去那段真的猛男落泪，曾经保护过你的人，甚至曾经拯救过你的人，终有一天也会离你而去，而你还要继续和你的同伴们在新的世界里走下去。
真的推荐喜欢猫猫狗狗小动物的朋友们去看看这部，其实就算不喜欢也推荐，因为真的很不错👍🏻",看介绍有21次获奖加2次奥斯卡提名且是一部猫咪为主角的动画电影 本福瑞控狂喜疯狂来袭 看完真的很像 都是画面美得发癫 然后各种隐喻要看豆瓣影评分析那种 不过感觉这部最厉害的 是以往一些动物电影都是从人的视角看世界 这部电影真的让你感觉是从动物视角看世界 还反过来看出了很多人类世界的丛林法则 最后飞鸟升天大鱼离去那段真的猛男落泪 曾经保护过你的人 甚至曾经拯救过你的人 终有一天也会离你而去 而你还要继续和你的同伴们在新的世界里走下去 真的推荐喜欢猫猫狗狗小动物的朋友们去看看这部 其实就算不喜欢也推荐 因为真的很不错
【猫猫的奇幻漂流】才疏学浅，看不懂。我可以明显感受到这应该是有隐喻和想表达的东西的，但是真的看不懂。当一个重表达的片子我却看不懂想表达的东西时，其作为外壳的故事就显得无趣了。,猫猫的奇幻漂流 才疏学浅 看不懂 我可以明显感受到这应该是有隐喻和想表达的东西的 但是真的看不懂 当一个重表达的片子我却看不懂想表达的东西时 其作为外壳的故事就显得无趣了
洪水中王者般的鲸鱼，在新世界难逃搁浅的命运；为了异族而折断翅膀的鹭鹰，最终飞向了充满神迹的天国。鹿群一直在奔逃，带来厄运的征兆；猫咪总是惊惶，不知道接下来什么会降临。全片都充满了宗教和欧洲社会格局的隐喻，更有新旧秩序更迭时，不同种族之间共通的迷惘。末世景观描绘得很壮丽，也很有压迫性，好几处情节都产生了生理上的窒息感。,洪水中王者般的鲸鱼 在新世界难逃搁浅的命运 为了异族而折断翅膀的鹭鹰 最终飞向了充满神迹的天国 鹿群一直在奔逃 带来厄运的征兆 猫咪总是惊惶 不知道接下来什么会降临 全片都充满了宗教和欧洲社会格局的隐喻 更有新旧秩序更迭时 不同种族之间共通的迷惘 末世景观描绘得很壮丽 也很有压迫性 好几处情节都产生了生理上的窒息感
三分三十秒和羅小黑同時打了個悠長的哈欠,三分三十秒和羅小黑同時打了個悠長的哈欠
没有台词，但充满了善良和爱。@影城金沙江路,没有台词 但充满了善良和爱 影城金沙江路
猫猫不语，天崩地陷，猫猫可爱，万物有灵。没有谁是一座孤岛，没有哪个末日不必温柔说再见。（武汉春天影城312包场）,猫猫不语 天崩地陷 猫猫可爱 万物有灵 没有谁是一座孤岛 没有哪个末日不必温柔说再见 武汉春天影城312包场
朋友说这是自由的电影，想怎么理解都可以。本以为是小动物版诺亚方舟朝圣记，可当白鸟在雨天出走升天，潮水褪去后生灵复苏而大鱼搁浅，却是很悲伤的底色，猫猫的那一抹神性怎么也琢磨不透。猫猫还会回到被豢养成灵感缪斯的生活吗？这个粗糙的动物建模和精致的景色渲染格格不入，让我很难共情所以不太明白也不太想思考甚至还觉得有点无聊……,朋友说这是自由的电影 想怎么理解都可以 本以为是小动物版诺亚方舟朝圣记 可当白鸟在雨天出走升天 潮水褪去后生灵复苏而大鱼搁浅 却是很悲伤的底色 猫猫的那一抹神性怎么也琢磨不透 猫猫还会回到被豢养成灵感缪斯的生活吗 这个粗糙的动物建模和精致的景色渲染格格不入 让我很难共情所以不太明白也不太想思考甚至还觉得有点无聊
拟人的动物，无人世界，追求真实又发展奇幻，隐喻很重但又标签明晰，没有弧线可以解读，爱应该很爱，不爱应该也就觉得soso，不过是一部可以看的电影~~,拟人的动物 无人世界 追求真实又发展奇幻 隐喻很重但又标签明晰 没有弧线可以解读 爱应该很爱 不爱应该也就觉得soso 不过是一部可以看的电影
呜这个世界不能没有猫猫！另外，不愧是奥斯卡最佳。万物皆有灵，可以隐喻但不要傲慢的拟人。,呜这个世界不能没有猫猫 另外 不愧是奥斯卡最佳 万物皆有灵 可以隐喻但不要傲慢的拟人
这玩意真的比游戏都做的差居然可以是今年最佳。,这玩意真的比游戏都做的差居然可以是今年最佳
嘿嘿黑黑黑,嘿嘿黑黑黑
"70336人在豆瓣评分。2025年3月9日。
强烈推荐观赏。
名副其实，值得期盼，必须欣赏。
不过有个疑问：猫在有危险时候，有树它不是会窜上树跑吗？电影一开始，群狗追猫时候，猫它一直傻跑，也不上树啊？",70336人在豆瓣评分 2025年3月9日 强烈推荐观赏 名副其实 值得期盼 必须欣赏 不过有个疑问 猫在有危险时候 有树它不是会窜上树跑吗 电影一开始 群狗追猫时候 猫它一直傻跑 也不上树啊
要是在法国看，这电影一定会有很多人一起鼓掌吧。,要是在法国看 这电影一定会有很多人一起鼓掌吧
影片结束时我说我想哭，家人好像都不理解。没有小猫的逃亡经历，但好像自己就是那只小猫，喜欢独处，难以信任他人，害怕接受帮助，小心翼翼地靠近，试探着打开自己，最后有了难以割舍的情感，而这份情感就是活下去的动力，最后的水中倒影，戳到了内心最柔软的地方。明明看的心惊胆战，结果却被温柔一击。,影片结束时我说我想哭 家人好像都不理解 没有小猫的逃亡经历 但好像自己就是那只小猫 喜欢独处 难以信任他人 害怕接受帮助 小心翼翼地靠近 试探着打开自己 最后有了难以割舍的情感 而这份情感就是活下去的动力 最后的水中倒影 戳到了内心最柔软的地方 明明看的心惊胆战 结果却被温柔一击
7分。画风比较清新，动物形象不算可爱，但是不同种类的几只动物友好相处，患难与共，还是很令人动容的。隐喻什么呢？诺亚方舟吗？,7分 画风比较清新 动物形象不算可爱 但是不同种类的几只动物友好相处 患难与共 还是很令人动容的 隐喻什么呢 诺亚方舟吗
"看到有人拿这部来对比去年的《机器人之梦》，看完后感觉这个对比还是蛮合适的，小国家的动画片，主角非人，无台词，相遇与分离。我对二者的喜爱程度也差不多，算还不错的电影（动画技术是有所差距的）。

虽然本片是讲猫猫的，但我好喜欢那只狗，首先是跟着猫，猫独自上去房子里自己上不去，有船来了还是会想到猫，有着想带上同伴的善良，也会为了原本的道理和同类抢镜子，在其他狗看到野兔都放下绳子时，它只是望望，继续完成它的救援任务，处处体现着可爱与忠诚。虽然没有鹤那么智慧和有长远大局观，但它一定是一个能死心塌地陪伴你到最后的好友。

海啸来，见过五颜六色的鱼群和庞然大物的鲸，海啸散，一切像重新开始和回到原点，像一场梦，但破碎的镜子、深渊的裂缝以及奄奄一息的鲸，告诉我们，这不是梦。8.3分。",看到有人拿这部来对比去年的 机器人之梦 看完后感觉这个对比还是蛮合适的 小国家的动画片 主角非人 无台词 相遇与分离 我对二者的喜爱程度也差不多 算还不错的电影 动画技术是有所差距的 虽然本片是讲猫猫的 但我好喜欢那只狗 首先是跟着猫 猫独自上去房子里自己上不去 有船来了还是会想到猫 有着想带上同伴的善良 也会为了原本的道理和同类抢镜子 在其他狗看到野兔都放下绳子时 它只是望望 继续完成它的救援任务 处处体现着可爱与忠诚 虽然没有鹤那么智慧和有长远大局观 但它一定是一个能死心塌地陪伴你到最后的好友 海啸来 见过五颜六色的鱼群和庞然大物的鲸 海啸散 一切像重新开始和回到原点 像一场梦 但破碎的镜子 深渊的裂缝以及奄奄一息的鲸 告诉我们 这不是梦 8 3分
要看评论才能看懂。我只看到在末日大水中交换善意的动物们和有点奇幻的风景。大鸟升仙了，我以为它没地方躲雨死了。,要看评论才能看懂 我只看到在末日大水中交换善意的动物们和有点奇幻的风景 大鸟升仙了 我以为它没地方躲雨死了
"看了存了半个月的《 猫猫的奇幻漂流 Straume (2024) 》，有许多生动的小细节，对小动物们和自然景色的描绘非常好，属于过目难忘的那种作品，上次这么一大船动物那还得是公元 2012年的《 少年派的奇幻漂流 》；

不过剧情的话，最后1/3有点闷，更多的是生命之旅中的感悟吧，小黑猫也在不断成长...  今年的奥斯卡最佳动画应该稳了（去年我猜对了 你想活出怎样的人生，会连续猜中吗？www）

突然想重温《马达加斯加》系列了...  (*^▽^*)",看了存了半个月的 猫猫的奇幻漂流 Straume 2024 有许多生动的小细节 对小动物们和自然景色的描绘非常好 属于过目难忘的那种作品 上次这么一大船动物那还得是公元 2012年的 少年派的奇幻漂流 不过剧情的话 最后1 3有点闷 更多的是生命之旅中的感悟吧 小黑猫也在不断成长 今年的奥斯卡最佳动画应该稳了 去年我猜对了 你想活出怎样的人生 会连续猜中吗 www 突然想重温 马达加斯加 系列了
"卡皮巴拉的诺亚方舟
猫生海海

我们一生中会遇见很多人
有的人会帮助你
有的人会伤害你
有的人会来了又离开
有的人会陪你走下去",卡皮巴拉的诺亚方舟 猫生海海 我们一生中会遇见很多人 有的人会帮助你 有的人会伤害你 有的人会来了又离开 有的人会陪你走下去
神形兼备。,神形兼备
这种主观和客观视角的无缝切换，大量的运动长镜头，以及大多数时候以一个低于世界的角度去观察世界的镜头位置给人的感觉其实跟游戏体验很相似，同样是由眼球的移动来唤起一种跟身体运动相似的愉悅，用视觉感知的方式探索未知世界的最大乐趣就在于可以真切地体认到“我是一个可见世界中的实体”。,这种主观和客观视角的无缝切换 大量的运动长镜头 以及大多数时候以一个低于世界的角度去观察世界的镜头位置给人的感觉其实跟游戏体验很相似 同样是由眼球的移动来唤起一种跟身体运动相似的愉悅 用视觉感知的方式探索未知世界的最大乐趣就在于可以真切地体认到 我是一个可见世界中的实体
太美太浪漫了，仙鹤为了苍生牺牲自己求得洪水退去，小猫看在眼里，最后为了鲸鱼让世界回归海洋,太美太浪漫了 仙鹤为了苍生牺牲自己求得洪水退去 小猫看在眼里 最后为了鲸鱼让世界回归海洋
诺亚方舟，末世寓言。如果你是没有什么坏心眼的小猫咪🐈‍⬛，全世界都会帮你❤️。每种动物的特性都抓得极准，很难不爱！/ SIFF 2024 第4场@美罗城,诺亚方舟 末世寓言 如果你是没有什么坏心眼的小猫咪 全世界都会帮你 每种动物的特性都抓得极准 很难不爱 SIFF 2024 第4场 美罗城
"Oh，my captain！卡皮巴拉！真是让我们的船长操碎了心，又要开船，又要提醒猫猫避雨，还要给大家摘香蕉，给狐猴捡玻璃，协调“家庭矛盾”，你说说，操劳一个家庭是不是很辛苦！

狐猴🐒就是想照个镜子🪞，你就让它照嘛，干嘛老是破坏，还给人家整碎了，真是的！搜集那么多瓶瓶罐罐多不容易哇。

猫猫好，狗狗坏，有观众问导演为啥是猫？导演回答因为猫🐱怕水众人皆知，以及导演也养过猫。

至于电影的主题，大概率还是讲气候变暖洪水反复吧，所以最后他们又得继续奇幻漂流，但是其实不希望往这个有点儿陈旧乏味的方向去理解。以及相比《荒野机器人》，我更希望这部没有对白的电影能拿到奥斯卡最佳动画长片奖！",Oh my captain 卡皮巴拉 真是让我们的船长操碎了心 又要开船 又要提醒猫猫避雨 还要给大家摘香蕉 给狐猴捡玻璃 协调 家庭矛盾 你说说 操劳一个家庭是不是很辛苦 狐猴 就是想照个镜子 你就让它照嘛 干嘛老是破坏 还给人家整碎了 真是的 搜集那么多瓶瓶罐罐多不容易哇 猫猫好 狗狗坏 有观众问导演为啥是猫 导演回答因为猫 怕水众人皆知 以及导演也养过猫 至于电影的主题 大概率还是讲气候变暖洪水反复吧 所以最后他们又得继续奇幻漂流 但是其实不希望往这个有点儿陈旧乏味的方向去理解 以及相比 荒野机器人 我更希望这部没有对白的电影能拿到奥斯卡最佳动画长片奖
太好了，世界末日人类没了，太好了，猫还在。,太好了 世界末日人类没了 太好了 猫还在
没看懂想要表达什么，感觉就是一个很平淡很无趣的电影，在各种强行解读。,没看懂想要表达什么 感觉就是一个很平淡很无趣的电影 在各种强行解读
猫好！卡皮巴拉好！长腿鸟好！狗好！狐猴好！鲲好！喵的一声，猫学会了游泳；喵的一声，猫学会了捉鱼。人做出这样的片子，人也好。,猫好 卡皮巴拉好 长腿鸟好 狗好 狐猴好 鲲好 喵的一声 猫学会了游泳 喵的一声 猫学会了捉鱼 人做出这样的片子 人也好
感觉有些，说不清道不明的宗教意味和政治隐喻。无孩爱猫鹫，自我牺牲后，洪水褪却。环尾狐猴群体有等级和私有财产制度，群狗像乌合之众，水豚有种朴素的圣人感，还有水中神秘的天使大翅膀鲸鱼。平静的水面，小毛茸茸们第一次看清了自己。PS建模看起来挺廉价的&片尾有彩蛋,感觉有些 说不清道不明的宗教意味和政治隐喻 无孩爱猫鹫 自我牺牲后 洪水褪却 环尾狐猴群体有等级和私有财产制度 群狗像乌合之众 水豚有种朴素的圣人感 还有水中神秘的天使大翅膀鲸鱼 平静的水面 小毛茸茸们第一次看清了自己 PS建模看起来挺廉价的 片尾有彩蛋
算了，跟你们不养猫的说不清楚。,算了 跟你们不养猫的说不清楚
猫奴会心一笑，果然只有猫猫才能统治这个世界。,猫奴会心一笑 果然只有猫猫才能统治这个世界
非电影。,非电影
猫猫救卡比吧啦猫好，拉布拉多保护猫猫狗好，卡比吧啦救小猴的玻璃球卡比吧啦好，蛇鹫为大家掌舵蛇鹫好，鲲救猫猫鲲好😭,猫猫救卡比吧啦猫好 拉布拉多保护猫猫狗好 卡比吧啦救小猴的玻璃球卡比吧啦好 蛇鹫为大家掌舵蛇鹫好 鲲救猫猫鲲好
22/05🐈‍⬛从Animatic版本到Salle Debussy 我们的小猫终于游进了戛纳💙💙💙,22 05 从Animatic版本到Salle Debussy 我们的小猫终于游进了戛纳
好聪明又勇敢的宝宝们。第一个泪点是水面上涨的时候猫猫不敢接受上船的邀请，因为自己不是狗狗们的一员，一种非常精准的孤独感。而最后的团体是由许多脱离了同类的动物们组成的。当白鹭飞往天空，它始终盯着的地方，那是一种令人心碎的高贵，意味着再没有同类的挽歌能给自己的灵魂立碑。绝对的自然是一个世界，现实是一个世界（最糟糕的），而电影传递的是幻想的世界，船在树上，树在风中，风在云上，云在水中。最后狐猴的镜子被打碎，但它也通过水中的倒影看清了自己。可惜的是开头那条努力向水中翻滚却又被猫猫叼走的鱼，没有人关心它去了哪，没有人关心这种最微不足道却又最庞然的生命力。幻想的世界始终受到现实世界的侵蚀。,好聪明又勇敢的宝宝们 第一个泪点是水面上涨的时候猫猫不敢接受上船的邀请 因为自己不是狗狗们的一员 一种非常精准的孤独感 而最后的团体是由许多脱离了同类的动物们组成的 当白鹭飞往天空 它始终盯着的地方 那是一种令人心碎的高贵 意味着再没有同类的挽歌能给自己的灵魂立碑 绝对的自然是一个世界 现实是一个世界 最糟糕的 而电影传递的是幻想的世界 船在树上 树在风中 风在云上 云在水中 最后狐猴的镜子被打碎 但它也通过水中的倒影看清了自己 可惜的是开头那条努力向水中翻滚却又被猫猫叼走的鱼 没有人关心它去了哪 没有人关心这种最微不足道却又最庞然的生命力 幻想的世界始终受到现实世界的侵蚀
美不胜收的动画佳作，对自然的呈现特别细腻。真实动物发出的各种声音取代了语言对白，在尊重动物习性的基础上只作了尽可能少的拟人化塑造（独立又机警的猫猫、或忠诚或无赖的狗狗、痴迷收藏品或自恋的狐猴、随遇而安的水豚、境界更高近乎分有神性的蛇鹫，还有神出鬼没的守护者巨鲸）。大量低机位运动长镜头效果，配上写实自然声与恰到好处配乐，沉浸感太足。天气效果逼真，山水风光秀丽，无论天朗气清、云销雨霁，还是细雨迷蒙甚或狂风暴雨，画面中的葱茏绿意、神秘遗迹、猫猫雕像、宏伟废都和幻彩极光都相当迷人。强度最高的一段审美体验，当属蛇鹫不断飞升而猫猫只能渐次落地的场景。整体上也是猫猫在遭遇洪水浩劫后不断历练成长、从独来独往到与其他动物互帮互助缔结友谊的过程。人类文明失落的世界观不加解释，与结尾都供人自由想象。（8.3/10）,美不胜收的动画佳作 对自然的呈现特别细腻 真实动物发出的各种声音取代了语言对白 在尊重动物习性的基础上只作了尽可能少的拟人化塑造 独立又机警的猫猫 或忠诚或无赖的狗狗 痴迷收藏品或自恋的狐猴 随遇而安的水豚 境界更高近乎分有神性的蛇鹫 还有神出鬼没的守护者巨鲸 大量低机位运动长镜头效果 配上写实自然声与恰到好处配乐 沉浸感太足 天气效果逼真 山水风光秀丽 无论天朗气清 云销雨霁 还是细雨迷蒙甚或狂风暴雨 画面中的葱茏绿意 神秘遗迹 猫猫雕像 宏伟废都和幻彩极光都相当迷人 强度最高的一段审美体验 当属蛇鹫不断飞升而猫猫只能渐次落地的场景 整体上也是猫猫在遭遇洪水浩劫后不断历练成长 从独来独往到与其他动物互帮互助缔结友谊的过程 人类文明失落的世界观不加解释 与结尾都供人自由想象 8 3 10
这是我今年看过最可爱的电影，导演一定养猫很多年，紧张的、开心的、害怕的、舒适的、玩耍的样子太像了！！！玩尾巴、从桌子上推东西、喜欢站在高处、玩光影、清洁自己，每一个猫的小习惯都捕捉到了，没有一句台词，却可爱晕了！少年喵的奇幻漂流，好美好可爱,这是我今年看过最可爱的电影 导演一定养猫很多年 紧张的 开心的 害怕的 舒适的 玩耍的样子太像了 玩尾巴 从桌子上推东西 喜欢站在高处 玩光影 清洁自己 每一个猫的小习惯都捕捉到了 没有一句台词 却可爱晕了 少年喵的奇幻漂流 好美好可爱
猫猫是你，水豚是你，狗狗是你，狐猴是你，蛇鹫和鲸鱼也是你。无助是你，善良是你，老实是你，自私是你，自尊和搁浅也是你。甚至洪水也是你。每一次无言的心情涌动，何尝不是一场洪水汹涌？,猫猫是你 水豚是你 狗狗是你 狐猴是你 蛇鹫和鲸鱼也是你 无助是你 善良是你 老实是你 自私是你 自尊和搁浅也是你 甚至洪水也是你 每一次无言的心情涌动 何尝不是一场洪水汹涌
建模也太糙了，在大荧幕上看到像素块真的很无语,建模也太糙了 在大荧幕上看到像素块真的很无语
请后天拿奥斯卡（已拿，恭喜🎉）,请后天拿奥斯卡 已拿 恭喜
高貴的動畫，看完之後你會覺得某些動畫如此聒噪,高貴的動畫 看完之後你會覺得某些動畫如此聒噪
因为是大洪水寓言，动物的行为难免需要拟人化，但导演又不打算彻底的拟人化去塑造这些动物，现在这种做法会削弱叙事性，电影的定位其实是没什么娱乐性的文艺片。剧情在一个小时左右，当那几只狗狗上船之后，随着小猫的下船出走，之前船上动物之间建立的关系全部被打乱，可能性的冲突都被导演刻意回避掉了，随着大洪水的消退，电影也在头重脚轻的观感中快速结束了。,因为是大洪水寓言 动物的行为难免需要拟人化 但导演又不打算彻底的拟人化去塑造这些动物 现在这种做法会削弱叙事性 电影的定位其实是没什么娱乐性的文艺片 剧情在一个小时左右 当那几只狗狗上船之后 随着小猫的下船出走 之前船上动物之间建立的关系全部被打乱 可能性的冲突都被导演刻意回避掉了 随着大洪水的消退 电影也在头重脚轻的观感中快速结束了
从始至终感受着来自猫猫身上难以言说的哀伤。,从始至终感受着来自猫猫身上难以言说的哀伤
略有失望。动物们尤其猫，已经塑造到了猫看了都挑不出毛病的地步，但看起来还是讲了一个关于人的寓言啊。,略有失望 动物们尤其猫 已经塑造到了猫看了都挑不出毛病的地步 但看起来还是讲了一个关于人的寓言啊
太动人了，漂流过程的光怪陆离、神魂颠倒，无非是在成就小黑猫与其他动物那些言语无从企及的交情，让人心头一紧，一软，一酥，再一麻。猫、狗、卡皮巴拉、环尾狐猴以及看起来很好吃的鸟，都在戳我软肋。而那些猫叫狗吠，让我家里其中一只小猫也看得沉陷进去。,太动人了 漂流过程的光怪陆离 神魂颠倒 无非是在成就小黑猫与其他动物那些言语无从企及的交情 让人心头一紧 一软 一酥 再一麻 猫 狗 卡皮巴拉 环尾狐猴以及看起来很好吃的鸟 都在戳我软肋 而那些猫叫狗吠 让我家里其中一只小猫也看得沉陷进去
开场时动物们没那么拟人时是精彩的，可惜之后越来越有迪士尼的风格；最后一镜的自我指认似乎是在预示属于动物们的存在主义，而在这个世界中死去的上帝是谁？它们原初的意义是由谁的死亡来抹去的？答案不言自明……这怎么能说是去人类中心主义呢？人的影子明明纤毫毕现啊。,开场时动物们没那么拟人时是精彩的 可惜之后越来越有迪士尼的风格 最后一镜的自我指认似乎是在预示属于动物们的存在主义 而在这个世界中死去的上帝是谁 它们原初的意义是由谁的死亡来抹去的 答案不言自明 这怎么能说是去人类中心主义呢 人的影子明明纤毫毕现啊
看沧海桑田，谁主沉浮。（字面上的意思,看沧海桑田 谁主沉浮 字面上的意思
导演和编剧用一个可爱的艺术方式表达着最绝望焦虑的故事 赖以生存的家园消亡 必须走出舒适圈 面对着生态周而复始生生不息的残酷变换 不停地进化 适应 应激 当然导演想要讲述的内容可能更多 包括那只绝望飞升的白鹤 象征什么呢？导演QA并没有给出具体阐释 但是提到了它的绝望和自毁情结 相对应的是黑猫开始的故步自封 到最后的团结一致和对其他动物的依赖与信任,导演和编剧用一个可爱的艺术方式表达着最绝望焦虑的故事 赖以生存的家园消亡 必须走出舒适圈 面对着生态周而复始生生不息的残酷变换 不停地进化 适应 应激 当然导演想要讲述的内容可能更多 包括那只绝望飞升的白鹤 象征什么呢 导演QA并没有给出具体阐释 但是提到了它的绝望和自毁情结 相对应的是黑猫开始的故步自封 到最后的团结一致和对其他动物的依赖与信任
在后启示录的世界中，这场面对滔天洪水争的生存与朝圣之旅，交织着温柔与悲伤的气质。温柔之处在于猫猫一路上和动物同伴们相识、扶持、患难与共，让人体会到生命最顽强的部分恰恰来源于最纯粹的善良。悲伤之处则在于，潮起潮落，一些种群的救赎可能意味着另一些种群的灭亡，生命的此消彼长亦彰显出大自然的残酷。本片全程没有一句台词，制作团队依靠对动物们神态和动作的出色捕捉就足以把故事讲得扣人心弦。不过人类的消失，蛇鹫的升天，洪水的来去之谜始终都没有得到解释。同时，狐猴们对镜子的着迷也让人浮想联翩——他们是否能成为这个世界里下一个获得智慧的物种呢？,在后启示录的世界中 这场面对滔天洪水争的生存与朝圣之旅 交织着温柔与悲伤的气质 温柔之处在于猫猫一路上和动物同伴们相识 扶持 患难与共 让人体会到生命最顽强的部分恰恰来源于最纯粹的善良 悲伤之处则在于 潮起潮落 一些种群的救赎可能意味着另一些种群的灭亡 生命的此消彼长亦彰显出大自然的残酷 本片全程没有一句台词 制作团队依靠对动物们神态和动作的出色捕捉就足以把故事讲得扣人心弦 不过人类的消失 蛇鹫的升天 洪水的来去之谜始终都没有得到解释 同时 狐猴们对镜子的着迷也让人浮想联翩 他们是否能成为这个世界里下一个获得智慧的物种呢
想到了之前玩的一款游戏《stray》，都是以猫为主角在后启示录的世界里进行探索，而本作大量的跟随长镜头也让两者在延伸场景的作用上产生了一定共通性。不过与前者相反的世界构建却在视觉上显得更加舒服、养眼，可能这是导演作为宫崎骏资深粉丝的厨力吧，且这也很像他对宫曾经话语的回应，“东京被大海淹没，电视塔成为孤岛，曼哈顿成为水下之城……没有了金钱和欲望，绿色的杂草将接管世界”,想到了之前玩的一款游戏 stray 都是以猫为主角在后启示录的世界里进行探索 而本作大量的跟随长镜头也让两者在延伸场景的作用上产生了一定共通性 不过与前者相反的世界构建却在视觉上显得更加舒服 养眼 可能这是导演作为宫崎骏资深粉丝的厨力吧 且这也很像他对宫曾经话语的回应 东京被大海淹没 电视塔成为孤岛 曼哈顿成为水下之城 没有了金钱和欲望 绿色的杂草将接管世界
"像是人类大灭绝但残留有文明遗迹的末世设定，处处透露出神性或哲学性。画面绝美，动物神态捕捉非常真实，可又都好有灵性。整个片子我都沉浸在孤独感之中，为小猫担忧，为情谊的建立与受损而起伏。
超美超美，怎么排片这么少。音乐也配得极好。是近两年我最喜欢的动画。动画在我心里就应该这样，表达真实场景无法拍摄的画面，只是一种表达方式",像是人类大灭绝但残留有文明遗迹的末世设定 处处透露出神性或哲学性 画面绝美 动物神态捕捉非常真实 可又都好有灵性 整个片子我都沉浸在孤独感之中 为小猫担忧 为情谊的建立与受损而起伏 超美超美 怎么排片这么少 音乐也配得极好 是近两年我最喜欢的动画 动画在我心里就应该这样 表达真实场景无法拍摄的画面 只是一种表达方式
好猫的猫啊。,好猫的猫啊
没想到是个后启示录片，宗教意味很浓。做过一个梦，发洪水了，我家小猫飘在浮板上来救我。不知道是不是导演也做过这样的梦。所有动物表演都是动物的样子，没有拟人，没有讲话，好像是第一次看到这样还原动物的作品，制作团队一定是做足了功课。,没想到是个后启示录片 宗教意味很浓 做过一个梦 发洪水了 我家小猫飘在浮板上来救我 不知道是不是导演也做过这样的梦 所有动物表演都是动物的样子 没有拟人 没有讲话 好像是第一次看到这样还原动物的作品 制作团队一定是做足了功课
只有黑猫的九条命能活过这沧海桑田。,只有黑猫的九条命能活过这沧海桑田
"用动物隐喻了人类社会，并以人畜无害、好奇心颇重的猫猫为视角，审视着这一切。 

比如那个喜欢收集各种道具的狐猴，就代表了爱财之人，连逃难时也放不下一切；水豚正好相反，就象征物欲很低的那种人，或者对外界漠不关心的人物。小狗狗代表了伙伴，有那种陪你走到最后的知心朋友，也有趁火打劫不怀好意的狐朋狗友。而蛇鹭则代表了你人生中可能会遇到的长辈或者引路人，可遇而不可求。

故事温润的画面和风格下，可以解读出很多内容，结尾也留有很大的想象空间。

小黑猫真的太像我家以前走失的小黑了，看着看着有点泪目。",用动物隐喻了人类社会 并以人畜无害 好奇心颇重的猫猫为视角 审视着这一切 比如那个喜欢收集各种道具的狐猴 就代表了爱财之人 连逃难时也放不下一切 水豚正好相反 就象征物欲很低的那种人 或者对外界漠不关心的人物 小狗狗代表了伙伴 有那种陪你走到最后的知心朋友 也有趁火打劫不怀好意的狐朋狗友 而蛇鹭则代表了你人生中可能会遇到的长辈或者引路人 可遇而不可求 故事温润的画面和风格下 可以解读出很多内容 结尾也留有很大的想象空间 小黑猫真的太像我家以前走失的小黑了 看着看着有点泪目
没让动物说人话，竟已是一种罕见的真诚。,没让动物说人话 竟已是一种罕见的真诚
看之前七岁小孩姐说“没对话能好看吗”，看完以后“原来还可以一切尽在不言中。”,看之前七岁小孩姐说 没对话能好看吗 看完以后 原来还可以一切尽在不言中
处处都是人类文明遗留的痕迹，如果人类灭绝，大概就是这样吧，万物回归自然，动物自然也有动物的故事,处处都是人类文明遗留的痕迹 如果人类灭绝 大概就是这样吧 万物回归自然 动物自然也有动物的故事
人类消失后的沧海桑田。比《荒野机器人》更喜欢，没有过度将动物拟人化，而是研究了这艘“诺亚方舟”上各动物的特性和本能，完善成为一个治愈的漂流故事。确实也在我流感将愈时，起到了作用。,人类消失后的沧海桑田 比 荒野机器人 更喜欢 没有过度将动物拟人化 而是研究了这艘 诺亚方舟 上各动物的特性和本能 完善成为一个治愈的漂流故事 确实也在我流感将愈时 起到了作用
全程内心都是：猫猫小心！猫猫快跑！猫猫你没事吧？猫猫的小鱼干！猫猫，猫猫…好可爱的一群小伙伴啊，好心肠的卡皮巴拉，友好的小憨狗，贪财的狐猴，高冷的鹭鹭…镜头很丰富，运镜很流畅，有种佛性，隐隐在洗涤,全程内心都是 猫猫小心 猫猫快跑 猫猫你没事吧 猫猫的小鱼干 猫猫 猫猫 好可爱的一群小伙伴啊 好心肠的卡皮巴拉 友好的小憨狗 贪财的狐猴 高冷的鹭鹭 镜头很丰富 运镜很流畅 有种佛性 隐隐在洗涤
这么纯粹的时候，好像无话想说也无妨。从开篇狗狗折返逃生开始，就已经成功描摹了原始的自然力，而换位体验自然力当然也是一种表达。遗憾的是，没有看到猫猫和蛇鹫对其他生命态度的进一步深入，大家吃不吃、怎么吃鱼，关键时刻救不救群狗，都没有利用好情境就划过去了。喜欢结尾大鱼临死时的“守恒”感，所以彩蛋反而显得过于温柔。,这么纯粹的时候 好像无话想说也无妨 从开篇狗狗折返逃生开始 就已经成功描摹了原始的自然力 而换位体验自然力当然也是一种表达 遗憾的是 没有看到猫猫和蛇鹫对其他生命态度的进一步深入 大家吃不吃 怎么吃鱼 关键时刻救不救群狗 都没有利用好情境就划过去了 喜欢结尾大鱼临死时的 守恒 感 所以彩蛋反而显得过于温柔
3.5 像极了去年的BlueTwelve开发的独立游戏Stray (迷失)，猫猫表现力有过之而无不及，同样跌宕起伏的末世公路片类型架构、同样眩晕的低矮运动镜头 (尤其这部的动画低帧率效果更是会令人昏昏欲睡)、同样在危险失落的人类遗迹中找寻着闪光、同样透过仰视世间万物的猫猫视点、以及同样拥有对空旷自然宏观以及生命奇景的美妙赞叹。那些丛林海湖上隐秘壮阔的空镜赋予了环境以及动物角色们以真实，也为后面烘托的奇幻部分补足了说服力，没有人类出现的痕迹却处处透露着情感拟人化的闪光，无论视听效果还是叙事完成度上都很高的一部作品，甚至脑海里浮现了VR交互的可能性，不知道这部有没有用动物动捕这种技术，因为仅从呈现上来看就已经相当栩栩如生。相当有潜力的作者，技术完善后完全可以使之做出更出色的作品。——SIFF26,3 5 像极了去年的BlueTwelve开发的独立游戏Stray 迷失 猫猫表现力有过之而无不及 同样跌宕起伏的末世公路片类型架构 同样眩晕的低矮运动镜头 尤其这部的动画低帧率效果更是会令人昏昏欲睡 同样在危险失落的人类遗迹中找寻着闪光 同样透过仰视世间万物的猫猫视点 以及同样拥有对空旷自然宏观以及生命奇景的美妙赞叹 那些丛林海湖上隐秘壮阔的空镜赋予了环境以及动物角色们以真实 也为后面烘托的奇幻部分补足了说服力 没有人类出现的痕迹却处处透露着情感拟人化的闪光 无论视听效果还是叙事完成度上都很高的一部作品 甚至脑海里浮现了VR交互的可能性 不知道这部有没有用动物动捕这种技术 因为仅从呈现上来看就已经相当栩栩如生 相当有潜力的作者 技术完善后完全可以使之做出更出色的作品 SIFF26
像一出古老的童话故事，独立游戏味太浓，这也许不是一件好事。,像一出古老的童话故事 独立游戏味太浓 这也许不是一件好事
看这部电影像在玩游戏一样，未知又魔幻的世界缓慢展开，处处都是惊喜。,看这部电影像在玩游戏一样 未知又魔幻的世界缓慢展开 处处都是惊喜
"【2025资料馆学术放映】
通过移植“自我意识”得到的反馈，仍然是虚伪的。",2025资料馆学术放映 通过移植 自我意识 得到的反馈 仍然是虚伪的
柔软的窒息感,柔软的窒息感
"生～命～这～样～的～旅～程～
下次大洪水来临的时候，大家也一定要好好的啊！",生 命 这 样 的 旅 程 下次大洪水来临的时候 大家也一定要好好的啊
全片没有一个人没有一句台词，全靠动物们撑起了这么一个温暖的故事，在治愈之外还有些搞笑，除此之外也有不少的隐喻，欧洲真的时不时会输出一个动画爆款。,全片没有一个人没有一句台词 全靠动物们撑起了这么一个温暖的故事 在治愈之外还有些搞笑 除此之外也有不少的隐喻 欧洲真的时不时会输出一个动画爆款
"让动物去人化 不再像迪士尼那样让动物做人的事 一方面保留了动物的原生本性 另一方面也对叙事情节戏剧性有所牺牲 所有的冲突依托动物行为制造
五个不同特质的动物登上“诺亚方舟” 本质上还是“师徒取经”冒险小分队的设置套路 :领导者，闯祸者，稳定剂，开心果，猫一定程度上承担了主视角，在这个过程中有所成长
动物们漂流在没有人的建筑废墟中，其中有一处路过了深陷水中的手指雕塑
比较喜欢的是 故事没有停留在主角团的冒险成功or失败的结局 而是大地突起 海水褪去 进入下一个生物圈的颠倒 权力位置互换 流浪者转为主宰者 鲸在阳光下无奈吐息喘气
画面一直给我游戏的感觉…游戏电影也请加快吧
有很多西方圣经或传说的隐喻 近几年动画电影全球市场大好 也提供了一种本土文化或信仰传播的途径",让动物去人化 不再像迪士尼那样让动物做人的事 一方面保留了动物的原生本性 另一方面也对叙事情节戏剧性有所牺牲 所有的冲突依托动物行为制造 五个不同特质的动物登上 诺亚方舟 本质上还是 师徒取经 冒险小分队的设置套路 领导者 闯祸者 稳定剂 开心果 猫一定程度上承担了主视角 在这个过程中有所成长 动物们漂流在没有人的建筑废墟中 其中有一处路过了深陷水中的手指雕塑 比较喜欢的是 故事没有停留在主角团的冒险成功or失败的结局 而是大地突起 海水褪去 进入下一个生物圈的颠倒 权力位置互换 流浪者转为主宰者 鲸在阳光下无奈吐息喘气 画面一直给我游戏的感觉 游戏电影也请加快吧 有很多西方圣经或传说的隐喻 近几年动画电影全球市场大好 也提供了一种本土文化或信仰传播的途径
#SIFF 三星半。在一个末世的后人类世界里，不同动物在诺亚方舟（帆船）上的奇幻漂流，视觉和音效上的愉悦显而易见，一些古怪动物的设定也很有意思（比如热爱金属部件的长尾猴）。故事整体平平，也有不少陈词滥调。,SIFF 三星半 在一个末世的后人类世界里 不同动物在诺亚方舟 帆船 上的奇幻漂流 视觉和音效上的愉悦显而易见 一些古怪动物的设定也很有意思 比如热爱金属部件的长尾猴 故事整体平平 也有不少陈词滥调
又去电影院看了一遍，猫猫的奇幻漂流，也是一场心的漂流。被生活的大洪水驱离了温馨的小窝，心灵多像是一只茫然的小黑猫，被迫在未知中冒险，压住飞机耳，时刻准备亮出很不强壮的爪牙……别害怕，我的小猫，奇幻壮丽的故事才刚刚展开。,又去电影院看了一遍 猫猫的奇幻漂流 也是一场心的漂流 被生活的大洪水驱离了温馨的小窝 心灵多像是一只茫然的小黑猫 被迫在未知中冒险 压住飞机耳 时刻准备亮出很不强壮的爪牙 别害怕 我的小猫 奇幻壮丽的故事才刚刚展开
人类灭绝以后的世界，有种荒芜又盛大的末日美感。洪水中离群的动物，一起在诺亚方舟上漂流。羽化升仙的鹭鹰，等待死亡的巨鲸，无能为力成为习以为常，而在我们幸存并肩看向水中倒影之时，宇宙又迎来了新生。,人类灭绝以后的世界 有种荒芜又盛大的末日美感 洪水中离群的动物 一起在诺亚方舟上漂流 羽化升仙的鹭鹰 等待死亡的巨鲸 无能为力成为习以为常 而在我们幸存并肩看向水中倒影之时 宇宙又迎来了新生
短且无聊 首先是画质画风不是我喜欢的 动物世界能拍摄出来的故事比这精彩吧 设定稍微比较奇特 两星全给设定分 金球奖把动画长片颁给这部和TGA把颁给了宇宙机器人同等荒唐,短且无聊 首先是画质画风不是我喜欢的 动物世界能拍摄出来的故事比这精彩吧 设定稍微比较奇特 两星全给设定分 金球奖把动画长片颁给这部和TGA把颁给了宇宙机器人同等荒唐
很美很可爱！但最震撼的是在家用投影看，我家猫maha换了四个位置目不转睛从头看到尾！他应该也很喜欢这个电影吧～～～,很美很可爱 但最震撼的是在家用投影看 我家猫maha换了四个位置目不转睛从头看到尾 他应该也很喜欢这个电影吧
表现力上佳，但没有很喜欢…另，猫猫只有跟人类交流时候才喵的,表现力上佳 但没有很喜欢 另 猫猫只有跟人类交流时候才喵的
末世洪水，蓝猫方舟，巨像古城，怪奇山尖，引力调转之巅，退潮悬空危机；折翼鸟，照镜猴，卡皮巴拉，忠犬金毛，触须巨鱼出没……大银幕体验很过瘾，可惜五岁女儿看到后半段因为担心猫猫一直停不下揪心痛哭,末世洪水 蓝猫方舟 巨像古城 怪奇山尖 引力调转之巅 退潮悬空危机 折翼鸟 照镜猴 卡皮巴拉 忠犬金毛 触须巨鱼出没 大银幕体验很过瘾 可惜五岁女儿看到后半段因为担心猫猫一直停不下揪心痛哭
和预期不符，我想看到的是：瑰丽奇幻的末世异象，或者聪明温暖萌的动物互助，或是坍塌的世界废墟中新生萌芽的力量…,和预期不符 我想看到的是 瑰丽奇幻的末世异象 或者聪明温暖萌的动物互助 或是坍塌的世界废墟中新生萌芽的力量
猫猫的奇幻漂流，也是猫猫的成长之旅，没有人类的世界，无需语言，小动物们的互动就很自然且治愈~动物的设计确实没有那么精细（尤其是被哪吒那种技术震撼过），但我觉得整部影片的画面很美，很值得在影院观赏。,猫猫的奇幻漂流 也是猫猫的成长之旅 没有人类的世界 无需语言 小动物们的互动就很自然且治愈 动物的设计确实没有那么精细 尤其是被哪吒那种技术震撼过 但我觉得整部影片的画面很美 很值得在影院观赏
好孤独、好有文学性的片子,好孤独 好有文学性的片子
满满的禅意游戏既视感（上田文人、陈星汉）。别人用blender是为了创作，而我用只是为了应付大学作业（悲）。,满满的禅意游戏既视感 上田文人 陈星汉 别人用blender是为了创作 而我用只是为了应付大学作业 悲
"诗性而富有宗教色彩，最后大鸟是外星人脱离地球飞升了？叙事上隐隐是一种循环，开头便悬在树上的船，被崇拜的猫塑像。
看得到小猫完整的成长线：从畏惧到勇敢，学会游泳学会捕鱼，学会信任也学会失望，水面中对自我的凝视充满神性。小猫的情绪流动很丰满，被自然的伟力裹挟，命运无言又惊心动魄——独自站在桅杆端头陷入梦境又忽然惊醒的一瞬，趴在气球上渐渐绝望而沉睡、旋又惊醒看到水位下降的那一刻。
其余动物构成众生相，群像都很精彩。卡皮巴拉靠谱！",诗性而富有宗教色彩 最后大鸟是外星人脱离地球飞升了 叙事上隐隐是一种循环 开头便悬在树上的船 被崇拜的猫塑像 看得到小猫完整的成长线 从畏惧到勇敢 学会游泳学会捕鱼 学会信任也学会失望 水面中对自我的凝视充满神性 小猫的情绪流动很丰满 被自然的伟力裹挟 命运无言又惊心动魄 独自站在桅杆端头陷入梦境又忽然惊醒的一瞬 趴在气球上渐渐绝望而沉睡 旋又惊醒看到水位下降的那一刻 其余动物构成众生相 群像都很精彩 卡皮巴拉靠谱
小动物交朋友的能力、信任他人的能力让我震惊。,小动物交朋友的能力 信任他人的能力让我震惊
沒有愚蠢的人類對白和旁白，全程沉浸，太舒適了,沒有愚蠢的人類對白和旁白 全程沉浸 太舒適了
3.5星。感觉怪怪的，起初的表达形式上很像纪录片，后面对动物高度拟人化的做法又会觉得还是剧情片，但因为设定上没头没尾慢慢就变成纯欣赏画面了……不过这种看着糙但别有风味的渲染风格还挺值得借鉴的。代餐代得很快乐，主创真的很讨厌狗（x）,3 5星 感觉怪怪的 起初的表达形式上很像纪录片 后面对动物高度拟人化的做法又会觉得还是剧情片 但因为设定上没头没尾慢慢就变成纯欣赏画面了 不过这种看着糙但别有风味的渲染风格还挺值得借鉴的 代餐代得很快乐 主创真的很讨厌狗 x
很美，看到这样的世界里小狗还爱玩小球，小猫还爱追光斑，多可爱，心里暖暖的。无需以人类的视角去解读什么这样没有人类存在也没有什么拟人行为的纯粹的动物故事。,很美 看到这样的世界里小狗还爱玩小球 小猫还爱追光斑 多可爱 心里暖暖的 无需以人类的视角去解读什么这样没有人类存在也没有什么拟人行为的纯粹的动物故事
不枉我的等待，有当年看少年派的感觉——哇哦！,不枉我的等待 有当年看少年派的感觉 哇哦
低清画质画风好出戏，以为是油画质感但看上去更像显卡很便宜…白色大鸟上天是直接被上帝召唤？不信教的人看这种宗教主题电影会觉得浪费钱。,低清画质画风好出戏 以为是油画质感但看上去更像显卡很便宜 白色大鸟上天是直接被上帝召唤 不信教的人看这种宗教主题电影会觉得浪费钱
看哭了，好美啊，好喜欢好喜欢好喜欢，猫猫教万岁！,看哭了 好美啊 好喜欢好喜欢好喜欢 猫猫教万岁
【3.0】一出洪水末日下动物们的逃亡与互助，并不是动物世界那般的自然描画，而是书写人类寓言的刻意指代，全程无旁白仅有动物们的叫声及配乐来营造氛围，觉得温馨可爱的同时又觉得很空洞很平淡，感觉这类片子就很像是在做阅读理解，好不好看也就纯靠自我解读了……,3 0 一出洪水末日下动物们的逃亡与互助 并不是动物世界那般的自然描画 而是书写人类寓言的刻意指代 全程无旁白仅有动物们的叫声及配乐来营造氛围 觉得温馨可爱的同时又觉得很空洞很平淡 感觉这类片子就很像是在做阅读理解 好不好看也就纯靠自我解读了
很梦幻，没有一句话，小动物们也都保留了足够多本性，看过了太多角色过于人类化的动画，这部很独特了。治愈了我的一天。,很梦幻 没有一句话 小动物们也都保留了足够多本性 看过了太多角色过于人类化的动画 这部很独特了 治愈了我的一天
3.5星，镜头的运用让人特别有身临其境，第一人称视角。 配乐也不错，能调动情绪。 核心点想表达什么事，不太能理解。,3 5星 镜头的运用让人特别有身临其境 第一人称视角 配乐也不错 能调动情绪 核心点想表达什么事 不太能理解
还好不是个游戏，不然玩着会很晕,还好不是个游戏 不然玩着会很晕
无人的世界，特质各异的动物们因缘际会的奇遇之旅，美好又舒服，可谓“少年喵的奇幻漂流”。静物很逼真，动物的渲染差些，有种游戏体验的质感。,无人的世界 特质各异的动物们因缘际会的奇遇之旅 美好又舒服 可谓 少年喵的奇幻漂流 静物很逼真 动物的渲染差些 有种游戏体验的质感
超级无敌可爱，小黑猫真的太猫了！（今年最可爱的两部作品，一个这个，一个小狐狸化形记,超级无敌可爱 小黑猫真的太猫了 今年最可爱的两部作品 一个这个 一个小狐狸化形记
故事其实是个很简单的寓言，人类么得了，一群动物在大洪水自救历程里那些有的没的，不怎么高深也没很高级。但是动物角色塑造实在太有劲，有着某种意识下的动物本能反应刻画得很细腻，喜欢小动物的一下子就共情了，作为一只家养黑毛猪的妈，对这位小黑猫主角简直共情上天了，遇到危险时的喵喵叫让我心都揪起来了，看小猫历险记比恐怖片还紧张，扶额~~~~~,故事其实是个很简单的寓言 人类么得了 一群动物在大洪水自救历程里那些有的没的 不怎么高深也没很高级 但是动物角色塑造实在太有劲 有着某种意识下的动物本能反应刻画得很细腻 喜欢小动物的一下子就共情了 作为一只家养黑毛猪的妈 对这位小黑猫主角简直共情上天了 遇到危险时的喵喵叫让我心都揪起来了 看小猫历险记比恐怖片还紧张 扶额
它有着终极悲伤的故事内核。在黑猫持续行走或漂流的画面中，我在想，文明和遗迹消失后，个体是什么，意义是什么？好像什么都被消解，奔跑被消解了，恋物被消解了，日子也被消解了，宇宙变得荒芜而无意义。,它有着终极悲伤的故事内核 在黑猫持续行走或漂流的画面中 我在想 文明和遗迹消失后 个体是什么 意义是什么 好像什么都被消解 奔跑被消解了 恋物被消解了 日子也被消解了 宇宙变得荒芜而无意义
算不上有剧情，只能说是几个片段。画面很美，水豚豚萌心善，总是在帮助各种动物。一开始总是担心狐猴黑化，这是我作为人类的劣根性……蛇鹫优雅美丽，简直像从天而降帮助猫咪的神明。最后的彩蛋让巨鲸重回海洋，感谢导演的温柔。,算不上有剧情 只能说是几个片段 画面很美 水豚豚萌心善 总是在帮助各种动物 一开始总是担心狐猴黑化 这是我作为人类的劣根性 蛇鹫优雅美丽 简直像从天而降帮助猫咪的神明 最后的彩蛋让巨鲸重回海洋 感谢导演的温柔
导演的分镜做得真棒，全程无对白，简直是动画片中的文艺片。,导演的分镜做得真棒 全程无对白 简直是动画片中的文艺片
看到Blender渲染出来的猫咪毛发分层的色块，像半成品，需要适应一阵才习惯。巨物景致和水下场景出色，甚至希望小黑多落水几次。动物行为的精确表现和最后过于拟人化的救援，多少有点矛盾。,看到Blender渲染出来的猫咪毛发分层的色块 像半成品 需要适应一阵才习惯 巨物景致和水下场景出色 甚至希望小黑多落水几次 动物行为的精确表现和最后过于拟人化的救援 多少有点矛盾
"画面真的真的太美了，有些敏感懦弱的小黑猫，镇定自如憨厚的卡皮巴拉，傻乎乎重情义的拉布拉多狗狗，酷爱收集的环尾狐猴，守护小黑猫的帅气大鸟，还有那个救过小黑性命的鲸鱼……动物们之间危难关头的援手，跨越物种的协作，反抗族群的救助，让它们也成为彼此的朋友。小黑猫也从需要别人救助成长为可以奋不顾身的帮助伙伴，勇敢面对每次困难的可靠猫猫。结尾小黑发现退潮后搁浅在陆地上的鲸鱼，却不知如何救它。这块看的好难过😭接着片尾彩蛋看到大鲸鱼又回到海里顿时觉得松口气，但是这不会影射最后又涨潮了吧？那小动物们会怎么样呢？如果这是开放式结局，那我不管，在我心里小动物们都活了，鲸鱼回到海里，小黑它们在森林里幸福的生活。
PS.这部动画引进了，绝对要在大银幕上再刷一遍。",画面真的真的太美了 有些敏感懦弱的小黑猫 镇定自如憨厚的卡皮巴拉 傻乎乎重情义的拉布拉多狗狗 酷爱收集的环尾狐猴 守护小黑猫的帅气大鸟 还有那个救过小黑性命的鲸鱼 动物们之间危难关头的援手 跨越物种的协作 反抗族群的救助 让它们也成为彼此的朋友 小黑猫也从需要别人救助成长为可以奋不顾身的帮助伙伴 勇敢面对每次困难的可靠猫猫 结尾小黑发现退潮后搁浅在陆地上的鲸鱼 却不知如何救它 这块看的好难过 接着片尾彩蛋看到大鲸鱼又回到海里顿时觉得松口气 但是这不会影射最后又涨潮了吧 那小动物们会怎么样呢 如果这是开放式结局 那我不管 在我心里小动物们都活了 鲸鱼回到海里 小黑它们在森林里幸福的生活 PS 这部动画引进了 绝对要在大银幕上再刷一遍
没什么可评的，话题都是奥斯卡给的。所谓「乏善可陈」，同时用在本片及以好莱坞为代表的美国、美式价值观，在这个割裂又对立的时代，再恰当不过了吧。将舒朗留给自己，将友善赠予他人，将决定权交付后世，且共从容。,没什么可评的 话题都是奥斯卡给的 所谓 乏善可陈 同时用在本片及以好莱坞为代表的美国 美式价值观 在这个割裂又对立的时代 再恰当不过了吧 将舒朗留给自己 将友善赠予他人 将决定权交付后世 且共从容
没有一句台词，却好像什么都说了,没有一句台词 却好像什么都说了
+. 有时候摄影机尝试着被环境撼动，另一些时候却以异常的平稳状态运行，在关于自然的影像中这是匪夷所思的逻辑。,有时候摄影机尝试着被环境撼动 另一些时候却以异常的平稳状态运行 在关于自然的影像中这是匪夷所思的逻辑
前三分之一，一直在想这个迷失有什么区别，把steam游戏搬上大银幕？后面我觉得这些想法都很幼稚。如果一个创作做到极致，足够好，它带给人的感受是不拘泥形式的。很喜欢最后，洪水退去大部分的动物得救，但对于鲸鱼是生命的终结。灾厄也是辩证的，唯一不变的是对生命的尊重。,前三分之一 一直在想这个迷失有什么区别 把steam游戏搬上大银幕 后面我觉得这些想法都很幼稚 如果一个创作做到极致 足够好 它带给人的感受是不拘泥形式的 很喜欢最后 洪水退去大部分的动物得救 但对于鲸鱼是生命的终结 灾厄也是辩证的 唯一不变的是对生命的尊重
今年奥斯卡最佳动画长片提名 就是一个寓言故事 对号入座各种人类 个人并不喜欢这类片子 就像是在学语文作文 老师总是要你分析这只动物代表啥 看着累 2月底会在国内上映 我是不建议去看,今年奥斯卡最佳动画长片提名 就是一个寓言故事 对号入座各种人类 个人并不喜欢这类片子 就像是在学语文作文 老师总是要你分析这只动物代表啥 看着累 2月底会在国内上映 我是不建议去看
为小镜子反射的光点发狂，被水上的漂浮小球救起。狐猴在四处搜罗，鹭鹰在争夺领地，野犬在到处狂吠，水豚在安然休憩。末日里的小动物们在努力求生，从陆地换成方舟不过是另一种栖居。到山顶去看天，到水底去赏鱼，会有孤鸟在船尾把持方向，会有巨鲸从海底拯救万灵。洪水吞没人类文明，留下希声的遗迹。,为小镜子反射的光点发狂 被水上的漂浮小球救起 狐猴在四处搜罗 鹭鹰在争夺领地 野犬在到处狂吠 水豚在安然休憩 末日里的小动物们在努力求生 从陆地换成方舟不过是另一种栖居 到山顶去看天 到水底去赏鱼 会有孤鸟在船尾把持方向 会有巨鲸从海底拯救万灵 洪水吞没人类文明 留下希声的遗迹
洪水对猫来说是灾难，干旱对鱼来说是灾难。万物共生，潮涨潮落，猫学会了自我献祭，却看不懂天道轮回。真的是一部非常奇妙的电影，简单的寓言却饱含深意，像极了我们的人生。入选年度前十,洪水对猫来说是灾难 干旱对鱼来说是灾难 万物共生 潮涨潮落 猫学会了自我献祭 却看不懂天道轮回 真的是一部非常奇妙的电影 简单的寓言却饱含深意 像极了我们的人生 入选年度前十
毛的质感在鸟类上很不错，但是主角猫猫狗狗上反而不太好。风格奇幻迤逦，不过故事感很弱。适合放在VR眼镜里做沉浸式短片，不太像电影,毛的质感在鸟类上很不错 但是主角猫猫狗狗上反而不太好 风格奇幻迤逦 不过故事感很弱 适合放在VR眼镜里做沉浸式短片 不太像电影
看泪目了。我不知道该怎么形容这种轻盈到空灵却又深刻而沉重的感觉，就好像电影中鲸鱼的腾跃和死亡让我想起“一鲸落而万物生”——鲸鱼的确守护了猫猫，甚至某种程度上守护了这群动物，我一方面不愿看到它生命的逝去，另一方面也为猫猫一行动物们选择彼此、共渡难关、在洪水中存活下来而欣喜。在这场没有人也与人无关的天灾里，有关自然中生命的选择、存续和消逝变得非常纯粹而厚重，但电影里一切都是那么轻盈，如片名flow一样自然流淌。下一场洪水正在来临，猫猫一行动物们站在一起，水面上倒映出彼此，人类也在这一幕里照见了自己，不是吗？,看泪目了 我不知道该怎么形容这种轻盈到空灵却又深刻而沉重的感觉 就好像电影中鲸鱼的腾跃和死亡让我想起 一鲸落而万物生 鲸鱼的确守护了猫猫 甚至某种程度上守护了这群动物 我一方面不愿看到它生命的逝去 另一方面也为猫猫一行动物们选择彼此 共渡难关 在洪水中存活下来而欣喜 在这场没有人也与人无关的天灾里 有关自然中生命的选择 存续和消逝变得非常纯粹而厚重 但电影里一切都是那么轻盈 如片名flow一样自然流淌 下一场洪水正在来临 猫猫一行动物们站在一起 水面上倒映出彼此 人类也在这一幕里照见了自己 不是吗
额有猫一族表示不如看自家猫治愈，因为动作习性等等都存在不合理的地方，导致无法入戏，无法理解创作初衷，整体的欣赏欲望就被不信任感冲垮了。,额有猫一族表示不如看自家猫治愈 因为动作习性等等都存在不合理的地方 导致无法入戏 无法理解创作初衷 整体的欣赏欲望就被不信任感冲垮了
全片最让我感动的两幕：蛇鹭羽化登仙；猫猫贴贴搁浅在岸的鲸鱼面露不忍，然后共同经历九死一生的水豚、狗狗和狐猴凑过来紧贴彼此一同看向水中的倒影。,全片最让我感动的两幕 蛇鹭羽化登仙 猫猫贴贴搁浅在岸的鲸鱼面露不忍 然后共同经历九死一生的水豚 狗狗和狐猴凑过来紧贴彼此一同看向水中的倒影
蛇鹫升天太美了啦！又帅又正义（救下小猫）又慧眼识珠（看出来那群狗不是好狗）又会开船（过废墟城堡那段技术简直牛批），暴雨中优雅的站在雨中独自开船，在狗贼上船后毅然决然飞往最高的山峰，羽化登仙，oh！chapter！my chapter！,蛇鹫升天太美了啦 又帅又正义 救下小猫 又慧眼识珠 看出来那群狗不是好狗 又会开船 过废墟城堡那段技术简直牛批 暴雨中优雅的站在雨中独自开船 在狗贼上船后毅然决然飞往最高的山峰 羽化登仙 oh chapter my chapter
我命由我不由天 不是靠口号喊出来。而是潜移默化。我代入不了天赋异禀的官二代哪吒。但在这些小动物身上看到了各种各样的自己。面对各种困难 不屈服 努力向前,我命由我不由天 不是靠口号喊出来 而是潜移默化 我代入不了天赋异禀的官二代哪吒 但在这些小动物身上看到了各种各样的自己 面对各种困难 不屈服 努力向前
这才是小朋友看的电影啊。保护过你的朋友飞上天了，那些傻狗还在船上，谁也不知道下一秒怎么样,这才是小朋友看的电影啊 保护过你的朋友飞上天了 那些傻狗还在船上 谁也不知道下一秒怎么样
"好喜欢！以为是个无脑卖萌片，看下来居然有浓重的隐喻，后启示录感，像是把爱死机的一集做成剧场版。在片中你能看到：巨物迷恋，深海恐惧，梦核，城市废墟遗迹。以及猫猫洗脸，猫猫哈气，猫猫吐毛球，猫猫练爪子（x）
人类末世之后，洪水淹没世界。猫猫和其他动物伙伴一路组队，靠着一艘破船求生，动物自救版诺亚方舟。角色全员动物且都不会说话，台词都是原生的叫声，每种动物都符合各自的生活习性，碰撞自然又有趣。
导演太懂奇幻亚文化逼喜欢什么了，场景设计一看就是自己人。当猫猫攀上巨大的猫猫头山，还有犹如人类最后的挣扎五指峰的神山，洪水吞噬一切前壮阔的落日，有种悲壮的浪漫感。孤舟驶入洪水后的古城遗迹，镜头凝视着废土的美，城市风格从意大利到柬埔寨再到不丹，水漫吴哥窟真是令人鸡皮疙瘩起。蛇鹫失重飞升、牡鹿绕圈走太梦核感了。",好喜欢 以为是个无脑卖萌片 看下来居然有浓重的隐喻 后启示录感 像是把爱死机的一集做成剧场版 在片中你能看到 巨物迷恋 深海恐惧 梦核 城市废墟遗迹 以及猫猫洗脸 猫猫哈气 猫猫吐毛球 猫猫练爪子 x 人类末世之后 洪水淹没世界 猫猫和其他动物伙伴一路组队 靠着一艘破船求生 动物自救版诺亚方舟 角色全员动物且都不会说话 台词都是原生的叫声 每种动物都符合各自的生活习性 碰撞自然又有趣 导演太懂奇幻亚文化逼喜欢什么了 场景设计一看就是自己人 当猫猫攀上巨大的猫猫头山 还有犹如人类最后的挣扎五指峰的神山 洪水吞噬一切前壮阔的落日 有种悲壮的浪漫感 孤舟驶入洪水后的古城遗迹 镜头凝视着废土的美 城市风格从意大利到柬埔寨再到不丹 水漫吴哥窟真是令人鸡皮疙瘩起 蛇鹫失重飞升 牡鹿绕圈走太梦核感了
原来一个半小时不用听人说话是这么舒畅的体验,原来一个半小时不用听人说话是这么舒畅的体验
最伟大的点在于，小动物更像小动物而不是人类，非常清新,最伟大的点在于 小动物更像小动物而不是人类 非常清新
好枯燥好无聊动物们都好粗糙,好枯燥好无聊动物们都好粗糙
#10443. #26th SIFF# 前入围2024戛纳一种关注。3.5。感觉是使用了游戏引擎或者游戏动画制作的技法，虚拟摄影机用出了很多非常有意思的长镜头，戛纳这种大电影节选是绝对没问题的。世界观不太完整或者说导演不是特别care在电影里铺世界观，这就导致影片能达到的高度有限了（但至少还有一个反人类中心主义的废土-神话叙事在）。黑猫真可爱，水豚更可爱。,10443 26th SIFF 前入围2024戛纳一种关注 3 5 感觉是使用了游戏引擎或者游戏动画制作的技法 虚拟摄影机用出了很多非常有意思的长镜头 戛纳这种大电影节选是绝对没问题的 世界观不太完整或者说导演不是特别care在电影里铺世界观 这就导致影片能达到的高度有限了 但至少还有一个反人类中心主义的废土 神话叙事在 黑猫真可爱 水豚更可爱
让猫成为猫本身，而不要狂妄自大到要把所有拟人化。,让猫成为猫本身 而不要狂妄自大到要把所有拟人化
姑且不谈圣经隐喻是否是人类中心，至少能感觉到导演在尽量规避“正反打”这样人类中心主义的镜头语言（尽管这样的运镜逻辑让本片继续继承了前作的缺点，全片观感像漫长的游戏过场+实况），然而导演对动物姿态的设计明显陷入了人类一厢情愿的“动物应该是这样”，而非真正反对人类中心主义的“动物本身是这样”的原则，依旧在以一种“宠物化”的居高临下视角看待主角们，动物每一次看水面、照镜子，映出的都是人类自己，而非它们本身。后半段角色的人格化越来越明显，但所有的共情仍然仅立足于配乐的渲染和动物（作为凝视对象）的可爱，这大概就是创作思路上的问题了。,姑且不谈圣经隐喻是否是人类中心 至少能感觉到导演在尽量规避 正反打 这样人类中心主义的镜头语言 尽管这样的运镜逻辑让本片继续继承了前作的缺点 全片观感像漫长的游戏过场 实况 然而导演对动物姿态的设计明显陷入了人类一厢情愿的 动物应该是这样 而非真正反对人类中心主义的 动物本身是这样 的原则 依旧在以一种 宠物化 的居高临下视角看待主角们 动物每一次看水面 照镜子 映出的都是人类自己 而非它们本身 后半段角色的人格化越来越明显 但所有的共情仍然仅立足于配乐的渲染和动物 作为凝视对象 的可爱 这大概就是创作思路上的问题了
全靠卡皮巴拉的善良，才攒起来这个家！,全靠卡皮巴拉的善良 才攒起来这个家
#SIFF#算是我的第一部上影节电影。画风是真的惊艳，全程没有一句台词，故事也是真的没什么故事。今年一种关注被动物电影充沛。,SIFF 算是我的第一部上影节电影 画风是真的惊艳 全程没有一句台词 故事也是真的没什么故事 今年一种关注被动物电影充沛
观影过程很舒适，有许多温情脉脉而又充满诗意的片段。从氛围和气质上，其实更像艺术性很强的独立游戏。不过即使是在动物的神态和反应上努力去人类中心主义，仍无法摆脱叙事走向、人物（动物）弧光和共情点设计上的人类投射。而那些切中时代情绪的对照比喻，则更是像猫猫凝视的水面，是独属于人类的揽镜自照。,观影过程很舒适 有许多温情脉脉而又充满诗意的片段 从氛围和气质上 其实更像艺术性很强的独立游戏 不过即使是在动物的神态和反应上努力去人类中心主义 仍无法摆脱叙事走向 人物 动物 弧光和共情点设计上的人类投射 而那些切中时代情绪的对照比喻 则更是像猫猫凝视的水面 是独属于人类的揽镜自照
"我很喜欢！！如何把去人类中心化叙事和讲一个人类也能看懂的故事相结合做到了很完美的平衡。最好的是动物们大部分时间的神态、习性、决策、习惯、本能都完全不拟人！！但同时每个动物的性格又非常鲜明甚至急剧代表性。人类灭亡的世界残酷且美好，还会有一些小小的温情，真好啊。

另外这个片子何尝不是一个对当下时代的温柔的预言呢？在末世大灾难之后，不同人种习惯年龄语言的人类是否也可以像这些动物一样互帮互助呢？

这么想的话是不是又有点人类中心了呢？

片头小猫是一个人，片尾他有了伙伴，但大家可能还是会分离，但也无所谓。毕竟生存本能与互相合作并不需要什么“加入我的海盗团吧”这类自我感动的口号啊！",我很喜欢 如何把去人类中心化叙事和讲一个人类也能看懂的故事相结合做到了很完美的平衡 最好的是动物们大部分时间的神态 习性 决策 习惯 本能都完全不拟人 但同时每个动物的性格又非常鲜明甚至急剧代表性 人类灭亡的世界残酷且美好 还会有一些小小的温情 真好啊 另外这个片子何尝不是一个对当下时代的温柔的预言呢 在末世大灾难之后 不同人种习惯年龄语言的人类是否也可以像这些动物一样互帮互助呢 这么想的话是不是又有点人类中心了呢 片头小猫是一个人 片尾他有了伙伴 但大家可能还是会分离 但也无所谓 毕竟生存本能与互相合作并不需要什么 加入我的海盗团吧 这类自我感动的口号啊
美。人类消失后的世界好。chosen family好。高傲的蛇鹫好，我要为他变抖M了,美 人类消失后的世界好 chosen family好 高傲的蛇鹫好 我要为他变抖M了
进场之前，五岁的儿子已经有点犯困了。没想到电影开始后，坐在我腿上的他全程专注，沉浸在猫猫的奇幻漂流世界里。以前带他看电影，他总爱问这问那，有时候搞得我有点尴尬，这次他除了开始的时候问了两下，后面再也不出声了。这是一部完全用孩子的语言（影像与声音）制作的动画片，每一个画面，每一个动作，孩子都能够秒懂，不需要任何多余的解读。昨天下午观看的影片，今天已经成为奥斯卡的最佳动画长片。,进场之前 五岁的儿子已经有点犯困了 没想到电影开始后 坐在我腿上的他全程专注 沉浸在猫猫的奇幻漂流世界里 以前带他看电影 他总爱问这问那 有时候搞得我有点尴尬 这次他除了开始的时候问了两下 后面再也不出声了 这是一部完全用孩子的语言 影像与声音 制作的动画片 每一个画面 每一个动作 孩子都能够秒懂 不需要任何多余的解读 昨天下午观看的影片 今天已经成为奥斯卡的最佳动画长片
全片没有出现一个人类，却处处是人的影子。,全片没有出现一个人类 却处处是人的影子
画面太美了，从运镜到场景设计到音效也都超级游戏感，设定强烈的《Jusant》既视感，连不解释设定都一样（which 绝对是优点），不知道制作人员有没有玩过受到启发。猫和鸟太好嗑了吧！到后面各个船员的各异性格也有展现。小而精的片子，今年一句台词没有的感人动画竟然继《Robot Dreams》之后还有，实打实动画大年了！,画面太美了 从运镜到场景设计到音效也都超级游戏感 设定强烈的 Jusant 既视感 连不解释设定都一样 which 绝对是优点 不知道制作人员有没有玩过受到启发 猫和鸟太好嗑了吧 到后面各个船员的各异性格也有展现 小而精的片子 今年一句台词没有的感人动画竟然继 Robot Dreams 之后还有 实打实动画大年了
天山1厅。人类文明作为自然的遗迹，人性作为禽兽的遗迹，倒影、经幡和“转山”都证明了在兽与神之间未现身的过渡。每种动物虽然维持本性动作，但对“他者”都有人的意味（略去弱肉强食的荒蛮），验证德尔斐神庙作为宇宙的“认识你自己”。从另个角度说，作画也是长镜头摄影的遗留。片中的鸟原型是蛇鹫，有幸见过野生状态，体型极大，自带威严之色，这个“选角”很配。,天山1厅 人类文明作为自然的遗迹 人性作为禽兽的遗迹 倒影 经幡和 转山 都证明了在兽与神之间未现身的过渡 每种动物虽然维持本性动作 但对 他者 都有人的意味 略去弱肉强食的荒蛮 验证德尔斐神庙作为宇宙的 认识你自己 从另个角度说 作画也是长镜头摄影的遗留 片中的鸟原型是蛇鹫 有幸见过野生状态 体型极大 自带威严之色 这个 选角 很配
也没有传的那么深刻吧。因为动物隐喻人类社会已经不平常了，只不过这部把人去掉了并加上了奇幻色彩。,也没有传的那么深刻吧 因为动物隐喻人类社会已经不平常了 只不过这部把人去掉了并加上了奇幻色彩
都很可爱，除了那三只忘恩负义的狗子,都很可爱 除了那三只忘恩负义的狗子
荒野求生版的“Stray”，甚至一开始会有按右键为猫猫加速的冲动。听到散场时有观众说”还是喜欢会说话的动物” “每一种动物肯定有一种隐喻”。摒弃以人类为中心的想法，大概是制作团队想以动物为本位的初衷。迪士尼创造了无数会说话的动物，皆以人类的朋友形象出现。而这样一部“反人类”的动画，动物没有以人类为中心，听命于人类，服务于人类，只是各自发出本来的叫声，随波逐流于人类消失的文明中。古迹与洪水，人力和自然的对抗，只有人类在挣扎和对抗中创造了文明，同时也凌驾于其他物种之上，规训与惩戒，在宠物店、动物园和马戏表演中实施暴政。只有其他动物在滔天洪水里，顺应变化，天地辽阔，随时做好茕茕独立的打算，时而因好奇心险些丧命，时而因追逐一只野兔而放弃同伴，不因物喜，不以己悲，一切是天性使然。不只是人类在创造文明。,荒野求生版的 Stray 甚至一开始会有按右键为猫猫加速的冲动 听到散场时有观众说 还是喜欢会说话的动物 每一种动物肯定有一种隐喻 摒弃以人类为中心的想法 大概是制作团队想以动物为本位的初衷 迪士尼创造了无数会说话的动物 皆以人类的朋友形象出现 而这样一部 反人类 的动画 动物没有以人类为中心 听命于人类 服务于人类 只是各自发出本来的叫声 随波逐流于人类消失的文明中 古迹与洪水 人力和自然的对抗 只有人类在挣扎和对抗中创造了文明 同时也凌驾于其他物种之上 规训与惩戒 在宠物店 动物园和马戏表演中实施暴政 只有其他动物在滔天洪水里 顺应变化 天地辽阔 随时做好茕茕独立的打算 时而因好奇心险些丧命 时而因追逐一只野兔而放弃同伴 不因物喜 不以己悲 一切是天性使然 不只是人类在创造文明
太喜欢两次处理死亡的方式了（没看到彩蛋但据说鲸鱼没死）,太喜欢两次处理死亡的方式了 没看到彩蛋但据说鲸鱼没死
我们以为我们拥有猫咪和狗狗，但其实只有世界和宇宙才拥有这些生灵，或者说，是它们拥有了整个宇宙。,我们以为我们拥有猫咪和狗狗 但其实只有世界和宇宙才拥有这些生灵 或者说 是它们拥有了整个宇宙
不喜欢这种需要配“说明书”的一部电影～无聊至极,不喜欢这种需要配 说明书 的一部电影 无聊至极
一则关于末日的小诗，清新脱俗，超然物外。天空与海洋，现实与倒影，即是轮回，也是宿命。,一则关于末日的小诗 清新脱俗 超然物外 天空与海洋 现实与倒影 即是轮回 也是宿命
看完想要自我定位为卡皮吧啦，大难临头该吃吃，该睡睡，关键时刻善良又有魄力，还要啥自行车。,看完想要自我定位为卡皮吧啦 大难临头该吃吃 该睡睡 关键时刻善良又有魄力 还要啥自行车
实在太原神衍生大电影了，太多元素都是原神里有的：猫咪神社，狗、鹿、鹤，庆云顶，遗迹几种建筑的设计，乃至于马斯克礁式升空传送点…最后看到树林里的鲸，色彩和形象设计那分明就是特瓦林啊，连眨眼特写都搬运……虽然原神已经是缝合集大成了，再搬到电影里缝一遍，美术精细度也就这样，实在太尴尬了,实在太原神衍生大电影了 太多元素都是原神里有的 猫咪神社 狗 鹿 鹤 庆云顶 遗迹几种建筑的设计 乃至于马斯克礁式升空传送点 最后看到树林里的鲸 色彩和形象设计那分明就是特瓦林啊 连眨眼特写都搬运 虽然原神已经是缝合集大成了 再搬到电影里缝一遍 美术精细度也就这样 实在太尴尬了
0句台词，0人出演，但比好多电影好看几百倍。大洪水来的那天还是把船给小猫小狗们吧,0句台词 0人出演 但比好多电影好看几百倍 大洪水来的那天还是把船给小猫小狗们吧
造奇观 无聊 没啥深度 处处都是幼稚廉价的善良和泛滥的同情心 以及矫饰造作的说教表达 意图实在过于明显 后段也越来越混乱不知道到底想表达啥 虎头蛇尾得像经费不够了一样…,造奇观 无聊 没啥深度 处处都是幼稚廉价的善良和泛滥的同情心 以及矫饰造作的说教表达 意图实在过于明显 后段也越来越混乱不知道到底想表达啥 虎头蛇尾得像经费不够了一样
构建了一个超美的没有人类的世界，然后让动物当人，人类真的太把自己当回事了,构建了一个超美的没有人类的世界 然后让动物当人 人类真的太把自己当回事了
类自由探索式RPG游戏的风格，对我而言是那种美但少共情的治愈系小品。,类自由探索式RPG游戏的风格 对我而言是那种美但少共情的治愈系小品
多好的一段冒险啊，最好的部分就是没有人，所以现在这些画蛇添足的解读是干嘛？人都死光了谁管你人的xxxx需求啊真的是，就看猫猫漂流异世界不美好吗！！,多好的一段冒险啊 最好的部分就是没有人 所以现在这些画蛇添足的解读是干嘛 人都死光了谁管你人的xxxx需求啊真的是 就看猫猫漂流异世界不美好吗
考虑成本和展现出来的效果确实很厉害，但表达的内容就显得很悬浮。,考虑成本和展现出来的效果确实很厉害 但表达的内容就显得很悬浮
温暖，自然，灵动，治愈。沧海桑田，南柯一梦。人类消失后的世界，也挺不错。,温暖 自然 灵动 治愈 沧海桑田 南柯一梦 人类消失后的世界 也挺不错
虽然猫是主角，但猫狗戏份打平。清新流动画，没什么不好，从中也能看出游戏的更大潜力——如果你能“操控”猫。,虽然猫是主角 但猫狗戏份打平 清新流动画 没什么不好 从中也能看出游戏的更大潜力 如果你能 操控 猫
拿猫咪照镜子来探讨人的自我追求。可以说很有庄子《逍遥游》之问的意味，但却给了一个很接地气的回答。只能仰仗四足的动物充满了烦恼，无法在天上自由自在地飞，也无法在海里无拘无束地游。但飞翔也需要翅膀，遨游也需要水流，终究是万物皆有所待。在陆地上和伙伴一起奔跑，才是我们的实在。,拿猫咪照镜子来探讨人的自我追求 可以说很有庄子 逍遥游 之问的意味 但却给了一个很接地气的回答 只能仰仗四足的动物充满了烦恼 无法在天上自由自在地飞 也无法在海里无拘无束地游 但飞翔也需要翅膀 遨游也需要水流 终究是万物皆有所待 在陆地上和伙伴一起奔跑 才是我们的实在
又好看又无聊，隐喻扰乱了很多。,又好看又无聊 隐喻扰乱了很多
8/10。完全使用无对白的长镜头来讲述一个猫咪视角的诺亚方舟式的后人类故事，踏上这场程旅的猫猫始终在逃避自己遇到的问题，它会爬到某个地方等待问题的消失，却迷失在了这片无尽的汪洋，选择维护猫猫而被族群羞辱的蛇鹫也很沮丧，当船漂过一座座石塔时，这两只动物受够了船上所有的混乱和争夺，它们跳下船，爬到石塔的最高峰，突然天上出现了一个张开的通道路口，蛇鹫逐渐升空，同时把猫猫推下去让它继续活着，蛇鹫迫使猫猫重新思考，要不要离开舒适区，跳入水中，最终在船挂树上时，营救水豚的动物们给出了答案，热爱闪亮物件的环尾狐猴和从众的猎犬开始了自主行动，猫猫也敢于直面鲸鱼，消除自身对巨大未知事物的恐惧。影片在资金限制下罕见拥抱了独立游戏的画风，使用虚拟摄影机来探索虚拟环境，打造了一个风、草地和水流都非常具有质感的世界。,8 10 完全使用无对白的长镜头来讲述一个猫咪视角的诺亚方舟式的后人类故事 踏上这场程旅的猫猫始终在逃避自己遇到的问题 它会爬到某个地方等待问题的消失 却迷失在了这片无尽的汪洋 选择维护猫猫而被族群羞辱的蛇鹫也很沮丧 当船漂过一座座石塔时 这两只动物受够了船上所有的混乱和争夺 它们跳下船 爬到石塔的最高峰 突然天上出现了一个张开的通道路口 蛇鹫逐渐升空 同时把猫猫推下去让它继续活着 蛇鹫迫使猫猫重新思考 要不要离开舒适区 跳入水中 最终在船挂树上时 营救水豚的动物们给出了答案 热爱闪亮物件的环尾狐猴和从众的猎犬开始了自主行动 猫猫也敢于直面鲸鱼 消除自身对巨大未知事物的恐惧 影片在资金限制下罕见拥抱了独立游戏的画风 使用虚拟摄影机来探索虚拟环境 打造了一个风 草地和水流都非常具有质感的世界
小动物之间的互动和交流表现得真好，时长也刚刚好。可以简单当一个冒险故事看，也可以进行各种解读。蛇鹫升天和鲸鱼搁浅两场戏简直充满了神性，看哭了。,小动物之间的互动和交流表现得真好 时长也刚刚好 可以简单当一个冒险故事看 也可以进行各种解读 蛇鹫升天和鲸鱼搁浅两场戏简直充满了神性 看哭了
适合资深猫奴看，爱狗人士略建议谨慎入场(doge，好美丽好温柔，但不知道为何也总有阵阵悲哀挥之不去，是因为这是一个颠沛流离的小猫吗，是因为她总是在告别尤其是目睹她最爱的人(鸟)离去吗，是因为她面对垂死的伙伴无能无力吗？方舟也好，极光也好，古老的北方宏伟城市遗迹也罢，我想这个美丽的故事本质上是我们人生之路的隐喻；保护猫猫，为小猫捉鱼的鹭鹰真像是庄严的神女；想起“默片才是电影的本质”这一说法，也许本片还有多年前那部我印象超级深的《红海龟》就是小小的例证，当然对评论区里好多家中懂猫语无需翻译全程津津有味看片的小猫们除外,适合资深猫奴看 爱狗人士略建议谨慎入场 doge 好美丽好温柔 但不知道为何也总有阵阵悲哀挥之不去 是因为这是一个颠沛流离的小猫吗 是因为她总是在告别尤其是目睹她最爱的人 鸟 离去吗 是因为她面对垂死的伙伴无能无力吗 方舟也好 极光也好 古老的北方宏伟城市遗迹也罢 我想这个美丽的故事本质上是我们人生之路的隐喻 保护猫猫 为小猫捉鱼的鹭鹰真像是庄严的神女 想起 默片才是电影的本质 这一说法 也许本片还有多年前那部我印象超级深的 红海龟 就是小小的例证 当然对评论区里好多家中懂猫语无需翻译全程津津有味看片的小猫们除外
果然没有人类出现的片子，世界和谐多了！动物造型、音效、音乐、特效各个方面都做到奥斯卡的水平，这才是应该有的水平嘛！最喜欢的就是把一切交还给自然，猫是猫，狗是狗，大自然保留着最原始的难以预料的样貌！ps:导演一定是个温柔的好人，彩蛋交代了被搁浅的鲸鱼的结局，感恩！,果然没有人类出现的片子 世界和谐多了 动物造型 音效 音乐 特效各个方面都做到奥斯卡的水平 这才是应该有的水平嘛 最喜欢的就是把一切交还给自然 猫是猫 狗是狗 大自然保留着最原始的难以预料的样貌 ps 导演一定是个温柔的好人 彩蛋交代了被搁浅的鲸鱼的结局 感恩
后人类纪的诺亚方舟，虽然导演在有意避免拟人化，但总体而言还是非常人类视角，尽管避免了使用人类语言。放在un certain regard单元很有意思，但期待的还是更加非人的视角。小猫足够可爱！很多细节真的太懂猫了，导演可能有一只不怕洗澡爱冒险的小黑猫吧。,后人类纪的诺亚方舟 虽然导演在有意避免拟人化 但总体而言还是非常人类视角 尽管避免了使用人类语言 放在un certain regard单元很有意思 但期待的还是更加非人的视角 小猫足够可爱 很多细节真的太懂猫了 导演可能有一只不怕洗澡爱冒险的小黑猫吧
蛮震撼的,蛮震撼的
"1、希望自己无论何时何地都能像那只猫咪一样，不忘初心，永葆善良。

2、想起那句谚语：“想走得快，一个人走；想走得远，和大家一起走。”危难之时，助人就是助己，拯救他人就是拯救世界，度众生也被众生度。

3、动物们从水的倒影中看到了自己；我们又从本片的倒影中看到了谁？

4、那只大鸟和那条大鱼让人难忘，在它们身上我感受到一种叫神性的东西。所谓神性就是超越，超越种族、超越生死。",1 希望自己无论何时何地都能像那只猫咪一样 不忘初心 永葆善良 2 想起那句谚语 想走得快 一个人走 想走得远 和大家一起走 危难之时 助人就是助己 拯救他人就是拯救世界 度众生也被众生度 3 动物们从水的倒影中看到了自己 我们又从本片的倒影中看到了谁 4 那只大鸟和那条大鱼让人难忘 在它们身上我感受到一种叫神性的东西 所谓神性就是超越 超越种族 超越生死
猫咪饿到都说人话了——这么大的佛啊？这是哪儿啊？你不认识字吗？那匾额上不是明明写着布金寺嘛！师父这布金寺是哪儿啊？布金寺？这莫不是到了舍卫城祇园金舍了？我跟师父这么些年，就没见过师父认识过道，今天怎么就认识路了？不是我认识路，我常看经诵典，经文上有个给孤长老用金砖布满祇园的故事；哦？金砖铺地？师父您快给我们讲讲吧；当初给孤长老须达多向拘萨国王太子衹陀说，要买下太子的衹园园林，请我佛释迦牟尼来此讲经说法，衹陀太子说，这园林不卖，非要买时，除非用黄金布满地面；啊？黄金布满地面？这得多少黄金啊？这谁舍得呀？给孤长老舍得，他用黄金为砖布满地面，才买下太子的园林，请得我佛前来说法。我想这布金寺莫非就是故事中说的祇园金舍，造化造化，要是故事里说的真是这个地方，我们也摸几块金砖回去送人——猫咪确诊为人类。,猫咪饿到都说人话了 这么大的佛啊 这是哪儿啊 你不认识字吗 那匾额上不是明明写着布金寺嘛 师父这布金寺是哪儿啊 布金寺 这莫不是到了舍卫城祇园金舍了 我跟师父这么些年 就没见过师父认识过道 今天怎么就认识路了 不是我认识路 我常看经诵典 经文上有个给孤长老用金砖布满祇园的故事 哦 金砖铺地 师父您快给我们讲讲吧 当初给孤长老须达多向拘萨国王太子衹陀说 要买下太子的衹园园林 请我佛释迦牟尼来此讲经说法 衹陀太子说 这园林不卖 非要买时 除非用黄金布满地面 啊 黄金布满地面 这得多少黄金啊 这谁舍得呀 给孤长老舍得 他用黄金为砖布满地面 才买下太子的园林 请得我佛前来说法 我想这布金寺莫非就是故事中说的祇园金舍 造化造化 要是故事里说的真是这个地方 我们也摸几块金砖回去送人 猫咪确诊为人类
有些狗就是很欠,有些狗就是很欠
全片用Blender制作，没有让动物拟人化，而是忠于不同动物的行为特性来自然编织成故事，世界观隐含一些寓言色彩但没有展开解释,全片用Blender制作 没有让动物拟人化 而是忠于不同动物的行为特性来自然编织成故事 世界观隐含一些寓言色彩但没有展开解释
放在人类文明陷落的背景中，可爱外表下是对当下的忧思，结尾有很强的对镜（水）自照意味，一来摒弃纷争对立才能生存，二来除了本就有独立气质的猫和豚另外三只都算是不随波逐流的“脱队者”。当然对我来说更好的答案还是不要有人类最好，方舟上只需要动物，可惜现实里没有大洪水。鲸的存在尤其洪水落去之后那一幕很难不想到鲸鱼马戏团，但从旁观与见证变为拯救与孕育，彩蛋是愿望与希冀。,放在人类文明陷落的背景中 可爱外表下是对当下的忧思 结尾有很强的对镜 水 自照意味 一来摒弃纷争对立才能生存 二来除了本就有独立气质的猫和豚另外三只都算是不随波逐流的 脱队者 当然对我来说更好的答案还是不要有人类最好 方舟上只需要动物 可惜现实里没有大洪水 鲸的存在尤其洪水落去之后那一幕很难不想到鲸鱼马戏团 但从旁观与见证变为拯救与孕育 彩蛋是愿望与希冀
充满神性的表达，在打打杀杀、吵吵嚷嚷的春节档之后真的需要一些不言不语的小动物和大自然。,充满神性的表达 在打打杀杀 吵吵嚷嚷的春节档之后真的需要一些不言不语的小动物和大自然
在影院看着看着就不由自主地对着银幕喵喵喵了起来 @Cine Embajadores,在影院看着看着就不由自主地对着银幕喵喵喵了起来 Cine Embajadores
前有机器人之梦，现有猫猫的奇幻漂流，没有人类的世界怎么这么美好😊我又被这人类闭嘴的世界治愈了,前有机器人之梦 现有猫猫的奇幻漂流 没有人类的世界怎么这么美好 我又被这人类闭嘴的世界治愈了
动物版的末日方舟，本以为是讲动物们的感恩与协作，没想到鲸鱼和白鹭（我也不知道是不是这玩意？）的出现把整个故事的格局都拔高了——造物神与摆渡者的身份呼之欲出，白鹭这种类鹤的生物更是在懂得放手之后直接飞升？不仅在奇幻漂流这一块拿捏到位了，更是引发观众对于生灵以及寰宇有了进一步的探讨与感悟。很难想象这会是一部无声动漫在80来分钟的时长内能做到的，不给五星说不过去。,动物版的末日方舟 本以为是讲动物们的感恩与协作 没想到鲸鱼和白鹭 我也不知道是不是这玩意 的出现把整个故事的格局都拔高了 造物神与摆渡者的身份呼之欲出 白鹭这种类鹤的生物更是在懂得放手之后直接飞升 不仅在奇幻漂流这一块拿捏到位了 更是引发观众对于生灵以及寰宇有了进一步的探讨与感悟 很难想象这会是一部无声动漫在80来分钟的时长内能做到的 不给五星说不过去
我们猫猫一直五感放大，担惊受怕，随时应激🥹还好过半终于吃上鱼了。它们算是在历史的垃圾时间里面吗？,我们猫猫一直五感放大 担惊受怕 随时应激 还好过半终于吃上鱼了 它们算是在历史的垃圾时间里面吗
等我搬了家第一件事情就是养一只🐶,等我搬了家第一件事情就是养一只
敢信这么逼真的视角与镜头，竟然是画出来的。恢宏壮阔的画面，徐徐推动的剧情，呈现方式刁钻，原来电影还能这么拍。船上一群动物特点鲜明，这是个寓言故事。,敢信这么逼真的视角与镜头 竟然是画出来的 恢宏壮阔的画面 徐徐推动的剧情 呈现方式刁钻 原来电影还能这么拍 船上一群动物特点鲜明 这是个寓言故事
全片以一个没有任何对白的纯动物视角去展现一段梦境般的奇幻漂流，喜欢追逐镜子反光的猫、喜欢玩抛球游戏的狗、喜欢睡懒觉的水豚、热衷收集物品的狐猴、掌舵小船方向的白鹳～不做任何拟人化处理的动物本能习性，缺少人类后不同物种相处和谐的宛如天堂，人类留下的遗迹成为了它们的游乐场。洪水会带来死亡，但对于搁浅的鲸鱼来说，这就是它的生机，生命循环反复，生命存在的意义不是作为一个个体，而是生命与生命间产生的共振。,全片以一个没有任何对白的纯动物视角去展现一段梦境般的奇幻漂流 喜欢追逐镜子反光的猫 喜欢玩抛球游戏的狗 喜欢睡懒觉的水豚 热衷收集物品的狐猴 掌舵小船方向的白鹳 不做任何拟人化处理的动物本能习性 缺少人类后不同物种相处和谐的宛如天堂 人类留下的遗迹成为了它们的游乐场 洪水会带来死亡 但对于搁浅的鲸鱼来说 这就是它的生机 生命循环反复 生命存在的意义不是作为一个个体 而是生命与生命间产生的共振
没有人的电影一律五星，何况还是部猫片儿~BTW，还是蛇鹫眼毒看人准，救那群狗东西干嘛？For Those About to Blender，We Salute  U~,没有人的电影一律五星 何况还是部猫片儿 BTW 还是蛇鹫眼毒看人准 救那群狗东西干嘛 For Those About to Blender We Salute U
从第一秒就忍不住哭，这个小猫的眼睛，体型，叫声，动作和团团一模一样……就是鼻子和肉垫是粉色的。多么希望团团就是去展开了这么一段冒险，遇到这么多朋友啊,从第一秒就忍不住哭 这个小猫的眼睛 体型 叫声 动作和团团一模一样 就是鼻子和肉垫是粉色的 多么希望团团就是去展开了这么一段冒险 遇到这么多朋友啊
像以猫的视角经历了一场孤独又充满羁绊的单机游戏。场景和配乐都超赞，卡皮巴拉真的情绪稳定的神。好几次我随着猫咪的视角心被提到了嗓子眼儿，祈求它们能顺路渡过难关。直到最后洪水退去，残缺的陆地再次浮出水面，那只救过它们几次的巨鲸在慢慢等待死亡。大自然之下一切都是那么渺小…,像以猫的视角经历了一场孤独又充满羁绊的单机游戏 场景和配乐都超赞 卡皮巴拉真的情绪稳定的神 好几次我随着猫咪的视角心被提到了嗓子眼儿 祈求它们能顺路渡过难关 直到最后洪水退去 残缺的陆地再次浮出水面 那只救过它们几次的巨鲸在慢慢等待死亡 大自然之下一切都是那么渺小
猫巨可爱，事实上全部动物都惟妙惟肖，动作捕捉细致还原大概也是本片最突出优点。喜欢突然涨起的汪洋之上冒出冰山一角的巨大雕塑，绿松石般水面旁金色的建筑遗迹让消失的人类彻底变成史前生物，因而附上一层没有罪恶的美感；也喜欢波涛汹涌的黑色的海面和高耸礁石柱，还有小猫狂奔到山顶眼睁睁看见被磁暴一般的彩色离子流卷入彼岸消失不见的神秘朋友白色巨鸟。如此喜爱狂暴的美，既恐怖又激烈。,猫巨可爱 事实上全部动物都惟妙惟肖 动作捕捉细致还原大概也是本片最突出优点 喜欢突然涨起的汪洋之上冒出冰山一角的巨大雕塑 绿松石般水面旁金色的建筑遗迹让消失的人类彻底变成史前生物 因而附上一层没有罪恶的美感 也喜欢波涛汹涌的黑色的海面和高耸礁石柱 还有小猫狂奔到山顶眼睁睁看见被磁暴一般的彩色离子流卷入彼岸消失不见的神秘朋友白色巨鸟 如此喜爱狂暴的美 既恐怖又激烈
"聪明猫猫，勇敢猫猫。
漂亮鸟闪耀却折翼依然温柔，好像那个的初恋啊……狗子就…又傻又狗。。",聪明猫猫 勇敢猫猫 漂亮鸟闪耀却折翼依然温柔 好像那个的初恋啊 狗子就 又傻又狗
温柔之下是深深的悲伤与绝望。在悲伤与绝望中努力地活下去，努力温柔地活下去。,温柔之下是深深的悲伤与绝望 在悲伤与绝望中努力地活下去 努力温柔地活下去
奥斯卡年度动画长片大概就是此片了,奥斯卡年度动画长片大概就是此片了
wow 很适合深夜静静看完然后在梦里重回场景，处处皆为人的痕迹而通篇空无一人，这也太宗教了，所有海的景象不知为什么都毛骨悚然。倾向于开篇即为死后去往极乐之地的旅程，告别物理世界的居所(躯壳)，随波逐流，前往五指山转生之地，结尾洪流退去，见天地，见彼此，见自己。,wow 很适合深夜静静看完然后在梦里重回场景 处处皆为人的痕迹而通篇空无一人 这也太宗教了 所有海的景象不知为什么都毛骨悚然 倾向于开篇即为死后去往极乐之地的旅程 告别物理世界的居所 躯壳 随波逐流 前往五指山转生之地 结尾洪流退去 见天地 见彼此 见自己
人生这趟旅程，从此不再有我的卡皮巴拉。难过。,人生这趟旅程 从此不再有我的卡皮巴拉 难过
动物们真是纯真的物种，但凡船上几个动物换成人，一定是《绝命逃杀》,动物们真是纯真的物种 但凡船上几个动物换成人 一定是 绝命逃杀
人类消失，动物在水位上涨的危机之下，同样要分出三六九等，猫细心审视发生的一切，袒护弱小的鹭飞仙而去，水豚老实巴交，狐猴自私自利，黄狗心系同类，猫吸收长处获得自我的提升，感受世间万物，发现生命之美，领悟生存之道。,人类消失 动物在水位上涨的危机之下 同样要分出三六九等 猫细心审视发生的一切 袒护弱小的鹭飞仙而去 水豚老实巴交 狐猴自私自利 黄狗心系同类 猫吸收长处获得自我的提升 感受世间万物 发现生命之美 领悟生存之道
连我家猫都看得很投入,连我家猫都看得很投入
开篇第一个镜头和最后一个镜头直白地告知观众电影的主题-“照镜子”，动物们在这场末世冒险中寻找自我，而观众也在电影中找自己，我们会成为一个什么样的人呢？在文明与自然的对立中，似乎洪水代表的毁灭力量能摧毁一切，但洪水也终究会褪去，恐惧和胆怯也会随着成长消失，猫拥有着恢弘的雕像和来自文明的爱与保护，但在残酷的自然之中，猫只是一个食物链低端的生物，它向往着无法企及的蓝天，也要和狗争夺食物，在对丛林法则的解构中，不同的动物聚集在了一起，这部公路电影带领我们最终见证了文明的力量，超越了宗教、种族、财富和权力，所以它反讽的是社会达尔文主义所构建的世界，在那个世界中充满了邪恶的自我中心主义和适者生存的残酷法则，接纳与理解才是真正对抗灾难的武器，联想到当下的欧洲，这部电影明确地释放着它的价值观，对极右翼的批判,开篇第一个镜头和最后一个镜头直白地告知观众电影的主题 照镜子 动物们在这场末世冒险中寻找自我 而观众也在电影中找自己 我们会成为一个什么样的人呢 在文明与自然的对立中 似乎洪水代表的毁灭力量能摧毁一切 但洪水也终究会褪去 恐惧和胆怯也会随着成长消失 猫拥有着恢弘的雕像和来自文明的爱与保护 但在残酷的自然之中 猫只是一个食物链低端的生物 它向往着无法企及的蓝天 也要和狗争夺食物 在对丛林法则的解构中 不同的动物聚集在了一起 这部公路电影带领我们最终见证了文明的力量 超越了宗教 种族 财富和权力 所以它反讽的是社会达尔文主义所构建的世界 在那个世界中充满了邪恶的自我中心主义和适者生存的残酷法则 接纳与理解才是真正对抗灾难的武器 联想到当下的欧洲 这部电影明确地释放着它的价值观 对极右翼的批判
电影不错的，但是因为剧情一直是船在水上随风漂流，作为晕车一族看到头晕想吐……之前我还想坐邮轮旅行，看完这个片就知道不能去了……3月1日于影院。,电影不错的 但是因为剧情一直是船在水上随风漂流 作为晕车一族看到头晕想吐 之前我还想坐邮轮旅行 看完这个片就知道不能去了 3月1日于影院
很温馨，很哲学，很好看，大银幕加一星。,很温馨 很哲学 很好看 大银幕加一星
"2024siff，第三部。
私心五星，太喜欢了。
少年派的奇幻漂流，但没有少年（不是。见证两次世界“瓦解”的瞬间，everything folws, then everything crashes. 全片尽力做到去人类化，哪怕主要都以哺乳动物为中心来达到共情，也更像是在看爱登堡老爷爷的纪录片而不是动画。在一切迎来翻天覆地的改变时，仍有鸟在栖息，有极光环绕，有从存在之始到我们看不到的以后的巨石永远静默凝视。把时间归还给时间，把世界归还给世界，而我们仍是我们，多么宏大而微妙。

鸟把狗的球推到水里那段全场爆笑）
想玩stray了…

2025.3.1.
最后留在脑海里的，是鸟飞向光的那一刻",2024siff 第三部 私心五星 太喜欢了 少年派的奇幻漂流 但没有少年 不是 见证两次世界 瓦解 的瞬间 everything folws then everything crashes 全片尽力做到去人类化 哪怕主要都以哺乳动物为中心来达到共情 也更像是在看爱登堡老爷爷的纪录片而不是动画 在一切迎来翻天覆地的改变时 仍有鸟在栖息 有极光环绕 有从存在之始到我们看不到的以后的巨石永远静默凝视 把时间归还给时间 把世界归还给世界 而我们仍是我们 多么宏大而微妙 鸟把狗的球推到水里那段全场爆笑 想玩stray了 2025 3 1 最后留在脑海里的 是鸟飞向光的那一刻
想到圣经里那句，我又看见一片新天新地，因为旧的天地已经过去了，海也不再有了,想到圣经里那句 我又看见一片新天新地 因为旧的天地已经过去了 海也不再有了
确实看到了很多少年派的影子，令我难以共鸣的地方在于末日世界里的动物仍然表现出高度拟人和社会化的行为，那你跟会说话的动物卡通的区别在哪儿呢？审美风格上恰巧也是我没那么喜欢的 3D 风格，不过这个片子与其说本身对我有什么触动不如说制作过程对我的触动更大，小几十人的团队用 blender渲染两个月就搞完了… 以后再加上 AIGC 的加持，创作的技术与资金门槛肉眼可见的越来越低了,确实看到了很多少年派的影子 令我难以共鸣的地方在于末日世界里的动物仍然表现出高度拟人和社会化的行为 那你跟会说话的动物卡通的区别在哪儿呢 审美风格上恰巧也是我没那么喜欢的 3D 风格 不过这个片子与其说本身对我有什么触动不如说制作过程对我的触动更大 小几十人的团队用 blender渲染两个月就搞完了 以后再加上 AIGC 的加持 创作的技术与资金门槛肉眼可见的越来越低了
33.9，包场。正是我所期待的动物动画片，动物不会说人话穿衣服，去性别化二元对立，甚至没有一个人类！！简直绝美！绝美！！绝美！低成本小团队制作的画风似真若幻，非复刻现实，天柱仿佛不周山，巨鲸似鲲，蛇鷲飞升，循此苦旅，以达天际，好奇动物对白动物观众能不能听懂，反正水豚肯定听不懂因为配的骆驼声，幸好囤了很久资源也没看，终于等到大银幕，,33 9 包场 正是我所期待的动物动画片 动物不会说人话穿衣服 去性别化二元对立 甚至没有一个人类 简直绝美 绝美 绝美 低成本小团队制作的画风似真若幻 非复刻现实 天柱仿佛不周山 巨鲸似鲲 蛇鷲飞升 循此苦旅 以达天际 好奇动物对白动物观众能不能听懂 反正水豚肯定听不懂因为配的骆驼声 幸好囤了很久资源也没看 终于等到大银幕
五年前曾有幸选了Gints的长片首作Away在纽约首映，如今在戛纳的德彪西大厅看他的第二部作品，真是非常欣慰。尽管相比前作一个人搞定所有要肉眼可见的有钱、有人了很多，但依然保留了无对白风格，而以极具想象力与风格化的画面来展现这么一个独特版本的“大洪水与方舟”，配乐也是一如既往的出彩,五年前曾有幸选了Gints的长片首作Away在纽约首映 如今在戛纳的德彪西大厅看他的第二部作品 真是非常欣慰 尽管相比前作一个人搞定所有要肉眼可见的有钱 有人了很多 但依然保留了无对白风格 而以极具想象力与风格化的画面来展现这么一个独特版本的 大洪水与方舟 配乐也是一如既往的出彩
聪明又幸运的猫猫被人类爱过，有仙人庇佑，还遇到一群好友共渡难关。,聪明又幸运的猫猫被人类爱过 有仙人庇佑 还遇到一群好友共渡难关
"好好描述一下感受：好看～
没有人类的世界还是很和谐的～╮(¯▽¯)╭",好好描述一下感受 好看 没有人类的世界还是很和谐的
这个建模有种想拿出游戏手柄的欲望 剧情其实很简单 很纯粹 视觉方面 退潮段落和最后鲸鱼的镜头给本人震撼挺大的,这个建模有种想拿出游戏手柄的欲望 剧情其实很简单 很纯粹 视觉方面 退潮段落和最后鲸鱼的镜头给本人震撼挺大的
很好，奥斯卡用动画片主动交纳了猫税。只有我觉得白鹭的飞升，其实象征了死亡吗？她用翅膀奋力推开了猫猫，将之推出了灵魂上传的程式，使其意识苏醒，跌回了三维空间？暗喻她最后又一次救了猫猫？社恐又勇敢的猫猫当然很好，快乐小狗毫不设防、毫无保留的友爱与忠诚，也同样可贵。反正我已经在精神上大步流星提前奔小康，实现了两猫四狗的人生。然后永远敬佩着、向往着白鸟的高洁自由，与鲲的广阔。,很好 奥斯卡用动画片主动交纳了猫税 只有我觉得白鹭的飞升 其实象征了死亡吗 她用翅膀奋力推开了猫猫 将之推出了灵魂上传的程式 使其意识苏醒 跌回了三维空间 暗喻她最后又一次救了猫猫 社恐又勇敢的猫猫当然很好 快乐小狗毫不设防 毫无保留的友爱与忠诚 也同样可贵 反正我已经在精神上大步流星提前奔小康 实现了两猫四狗的人生 然后永远敬佩着 向往着白鸟的高洁自由 与鲲的广阔
"想不到一部电影给我看的晕3D了，建模太粗糙，光影也很奇怪，就像玩低画质低帧数游戏一样。去厕所呕了一下才舒服。
大洪水元素的寓言故事，由于没有人类，那就注定了动物拟人化，虽然没有说话，但是动物本身的拟人化行为就代表着本质上还是一群不同人类的在面对灾难时的各种面貌，换成真人没太多不同。",想不到一部电影给我看的晕3D了 建模太粗糙 光影也很奇怪 就像玩低画质低帧数游戏一样 去厕所呕了一下才舒服 大洪水元素的寓言故事 由于没有人类 那就注定了动物拟人化 虽然没有说话 但是动物本身的拟人化行为就代表着本质上还是一群不同人类的在面对灾难时的各种面貌 换成真人没太多不同
真没人觉得有点恐怖吗？,真没人觉得有点恐怖吗
猫猫好！没有对白的动画非常考验制作团队的表现力，完成度很高，画面也有吸引力。不得不说这届戛纳一种关注有些片子比主竞赛的更像“给人看的”。,猫猫好 没有对白的动画非常考验制作团队的表现力 完成度很高 画面也有吸引力 不得不说这届戛纳一种关注有些片子比主竞赛的更像 给人看的
3.5  水里倒映出支离破碎的文明遗址，像末世游戏CG，也会想起百年前的“电影眼”。没有一个人类、一句台词，动物终于脱离了人类中心主义。它们不用被当成“治愈萌宠”，没有旁白内心OS，也没有拟人的举止，只有真实的生存细节。方舟之旅同时也是选择之旅，随时都有犯错的风险。一群不可能共处的动物，挤在狭窄的船舱里，放弃一部分自我习性，成为离不开的朋友——能把它解释成是诺亚方舟式的寓言，但也没什么必要，这就是一个淡淡的、朴素的故事。,3 5 水里倒映出支离破碎的文明遗址 像末世游戏CG 也会想起百年前的 电影眼 没有一个人类 一句台词 动物终于脱离了人类中心主义 它们不用被当成 治愈萌宠 没有旁白内心OS 也没有拟人的举止 只有真实的生存细节 方舟之旅同时也是选择之旅 随时都有犯错的风险 一群不可能共处的动物 挤在狭窄的船舱里 放弃一部分自我习性 成为离不开的朋友 能把它解释成是诺亚方舟式的寓言 但也没什么必要 这就是一个淡淡的 朴素的故事
起初会想到电子游戏《Stray》，然而本片是以默片呈现，动物角色虽设计简约，但行为与动作却异常逼真，无需言语便可加深沉浸式体验。穿插着若干奇观时刻，但核心始终围绕友谊与信任展开，直至尾声真正彰显了动物间那份纯真无价的友谊，这是经历过患难与共换来的。,起初会想到电子游戏 Stray 然而本片是以默片呈现 动物角色虽设计简约 但行为与动作却异常逼真 无需言语便可加深沉浸式体验 穿插着若干奇观时刻 但核心始终围绕友谊与信任展开 直至尾声真正彰显了动物间那份纯真无价的友谊 这是经历过患难与共换来的
和第一次看《天线宝宝》时一样的哈欠连天。同是默片，却比《机器人之梦》单调、刻板太多。,和第一次看 天线宝宝 时一样的哈欠连天 同是默片 却比 机器人之梦 单调 刻板太多
爱猫人士看得呼吸困难……心疼全程应激的猫猫……隐喻略明显 白鸟升天的那一幕很美,爱猫人士看得呼吸困难 心疼全程应激的猫猫 隐喻略明显 白鸟升天的那一幕很美
猫咪视角的水上公路片，有股独立游戏的即视感，风格简洁却富有表现力，全程无对白的设定反而突破了语言界限，更能让人专注沉浸其中。滔天洪水淹没陆地家园，漂流小船成为栖身港湾，人类文明消亡绝迹的末世，动物们在逆境中团结求生，结识各色伙伴，收获珍贵友谊，惊恐敏感的小黑猫从畏缩到勇敢，从排斥到接纳，在适应新世界的过程中完成了成长试炼，白鹭飞升，鲸鱼搁浅，汹涌的洪水周而复始，登船的乘客来了又去，旅途中获得的力量将会支撑你度过挑战和危险继续朝着未知前行。《机器人之梦》后又一部惊喜满满的小众动画。,猫咪视角的水上公路片 有股独立游戏的即视感 风格简洁却富有表现力 全程无对白的设定反而突破了语言界限 更能让人专注沉浸其中 滔天洪水淹没陆地家园 漂流小船成为栖身港湾 人类文明消亡绝迹的末世 动物们在逆境中团结求生 结识各色伙伴 收获珍贵友谊 惊恐敏感的小黑猫从畏缩到勇敢 从排斥到接纳 在适应新世界的过程中完成了成长试炼 白鹭飞升 鲸鱼搁浅 汹涌的洪水周而复始 登船的乘客来了又去 旅途中获得的力量将会支撑你度过挑战和危险继续朝着未知前行 机器人之梦 后又一部惊喜满满的小众动画
猫猫辛辛苦苦捉鱼给大家吃，结果总有一些狗没有边界感….,猫猫辛辛苦苦捉鱼给大家吃 结果总有一些狗没有边界感
深海恐惧请慎选，几度觉得喘不上来气儿了🙈,深海恐惧请慎选 几度觉得喘不上来气儿了
＃SIFF2024＃ 全球變暖，氣候惡化，海平面上升，人類逃離地球尋找新的家園，而被留下的生靈如何生存與相處則是這部電影要呈現給我們的。就在這個後人類時代的背景下，一隻可愛的小貓咪與它的小夥伴們共乘一隻「諾亞方舟」四處漂流。電影用第一視角極有代入感地讓我們與之一同經歷驚心動魄的冒險之旅，體會沒有人類的世界更為純粹的運轉法則。雖然畫風不是那種細膩的仿真效果（比如毛髮），但全片勝在充分調動觀眾的情緒，沒有對白卻令人無比投入，極有想象力。,SIFF2024 全球變暖 氣候惡化 海平面上升 人類逃離地球尋找新的家園 而被留下的生靈如何生存與相處則是這部電影要呈現給我們的 就在這個後人類時代的背景下 一隻可愛的小貓咪與它的小夥伴們共乘一隻 諾亞方舟 四處漂流 電影用第一視角極有代入感地讓我們與之一同經歷驚心動魄的冒險之旅 體會沒有人類的世界更為純粹的運轉法則 雖然畫風不是那種細膩的仿真效果 比如毛髮 但全片勝在充分調動觀眾的情緒 沒有對白卻令人無比投入 極有想象力
喵生如逆旅，我亦是行猫。白鹭和猫猫好好磕😌,喵生如逆旅 我亦是行猫 白鹭和猫猫好好磕
可以作为一个好的VR作品，注重靠视角转换和环境奇观给观众每分每秒都带来新鲜感，却绝不是一部好的电影！,可以作为一个好的VR作品 注重靠视角转换和环境奇观给观众每分每秒都带来新鲜感 却绝不是一部好的电影
看完觉得狗真的好吵hhh,看完觉得狗真的好吵hhh
亲爱的猫猫，这个世界已经没有什么值得留恋的了，但还是要用力去活。等过完这一生，我们都不要再来了。,亲爱的猫猫 这个世界已经没有什么值得留恋的了 但还是要用力去活 等过完这一生 我们都不要再来了
没有人的世界，但处处是人的影子，我们可能因为相同的族群、理念、意识形态甚至是处境结为同一阵营，但没有哪一个是永恒的。,没有人的世界 但处处是人的影子 我们可能因为相同的族群 理念 意识形态甚至是处境结为同一阵营 但没有哪一个是永恒的
没有一句台词，但都是地球生物能听懂的喵喵喵汪汪汪啾啾啾哗啦啦~~~ 希望，世界和平！风调雨顺！四季有常！友谊地久天长！,没有一句台词 但都是地球生物能听懂的喵喵喵汪汪汪啾啾啾哗啦啦 希望 世界和平 风调雨顺 四季有常 友谊地久天长
从形单影只到相伴而行，从挣扎溺水到逍遥潜泳，猫猫的主体意识不断觉醒，一次次镜中自照，他和朋友们彼此确立了身份——即使我们如此不同，也依然选择做朋友。人类文明衰落之后的末日洪水中，自然自有出路。,从形单影只到相伴而行 从挣扎溺水到逍遥潜泳 猫猫的主体意识不断觉醒 一次次镜中自照 他和朋友们彼此确立了身份 即使我们如此不同 也依然选择做朋友 人类文明衰落之后的末日洪水中 自然自有出路
感觉像是看了一个打工人合租故事,感觉像是看了一个打工人合租故事
一部纯正的启示录电影，内容表达相当克制，但运镜相当张扬。整体三渲二的风格很容易让人想到游戏动画，似乎把它当成引擎电影看也没什么不妥。而整个框架又很容易让人想起游戏Stray，只不过那个是赛博朋克风格，是在科幻背景下的人类社会中流浪，而这个是完全的启示录风格（并不是后启示录），从片中少有的一些人类文明的痕迹来看，也并没有到达未来科技的水平。我通过一个金属卡扣密封罐判断这故事可能发生在19世纪。但无论如何，大洪水和诺亚方舟，还有几只性格迥异的动物，包括最后蛇鹭羽化登仙，都很有宗教意味。可惜，除了看看独特的三渲二、拟真的运镜和一些关于故事背景与宗教的小谜语，也没什么更大的趣味了。,一部纯正的启示录电影 内容表达相当克制 但运镜相当张扬 整体三渲二的风格很容易让人想到游戏动画 似乎把它当成引擎电影看也没什么不妥 而整个框架又很容易让人想起游戏Stray 只不过那个是赛博朋克风格 是在科幻背景下的人类社会中流浪 而这个是完全的启示录风格 并不是后启示录 从片中少有的一些人类文明的痕迹来看 也并没有到达未来科技的水平 我通过一个金属卡扣密封罐判断这故事可能发生在19世纪 但无论如何 大洪水和诺亚方舟 还有几只性格迥异的动物 包括最后蛇鹭羽化登仙 都很有宗教意味 可惜 除了看看独特的三渲二 拟真的运镜和一些关于故事背景与宗教的小谜语 也没什么更大的趣味了
"人类死绝挺好的
人类死光的世界太美了
没有让它们说一句话太好了
好干净好美好好可爱的电影",人类死绝挺好的 人类死光的世界太美了 没有让它们说一句话太好了 好干净好美好好可爱的电影
大道至简，很棒的分镜、剧本和视听，可能是常看常新的作品。主角是一群小动物，是一艘船上的患难至交。亲密关系的本质是相互容忍，也喜欢看到他们的小情绪小脾气，喜欢看到猫身上经过的所有友谊和爱的痕迹，刻在基因里的对“逗猫棒”和光斑的喜欢。人类离开后的遗迹，自然界依旧热闹喧嚣，即使在大洪水淹来的末世，仍然书写爱和希望，每个生灵都是沧海一粟，在自然界有自己的大小力气和位置。看到最美的水落与鲸落。结尾的留白在等一位不会出现的朋友，在小猫身上看到深深的寂寞。爱船上那只卡皮吧啦，救挂在树上的帆船紧张死我啦。,大道至简 很棒的分镜 剧本和视听 可能是常看常新的作品 主角是一群小动物 是一艘船上的患难至交 亲密关系的本质是相互容忍 也喜欢看到他们的小情绪小脾气 喜欢看到猫身上经过的所有友谊和爱的痕迹 刻在基因里的对 逗猫棒 和光斑的喜欢 人类离开后的遗迹 自然界依旧热闹喧嚣 即使在大洪水淹来的末世 仍然书写爱和希望 每个生灵都是沧海一粟 在自然界有自己的大小力气和位置 看到最美的水落与鲸落 结尾的留白在等一位不会出现的朋友 在小猫身上看到深深的寂寞 爱船上那只卡皮吧啦 救挂在树上的帆船紧张死我啦
三星半。现在上年纪了，小动物的动画只想看点温暖治愈的，看到很多现实意味的影射觉得有点难受。最喜欢的鸟鸟一定是飞升去当快乐的小天使了！,三星半 现在上年纪了 小动物的动画只想看点温暖治愈的 看到很多现实意味的影射觉得有点难受 最喜欢的鸟鸟一定是飞升去当快乐的小天使了
铲屎官观众全程脚趾抠地，哎呀它又又又掉水里了！大洪水时代的mini方舟，以猫之名团结起来。看完第一次觉得，希望这是个游戏，如果是的话应该是我会买且能玩的吧。,铲屎官观众全程脚趾抠地 哎呀它又又又掉水里了 大洪水时代的mini方舟 以猫之名团结起来 看完第一次觉得 希望这是个游戏 如果是的话应该是我会买且能玩的吧
猫の诺亚方舟,猫の诺亚方舟
拟人化处理不是很喜欢，但最后还是适当地和人类划清了界限。导演对冒险场景的处理非常棒，开头的长“镜头”以为是又一部《1917》，要是能坚持下去就更厉害了。,拟人化处理不是很喜欢 但最后还是适当地和人类划清了界限 导演对冒险场景的处理非常棒 开头的长 镜头 以为是又一部 1917 要是能坚持下去就更厉害了
挺好的，一种简洁感，运镜是有考虑的尤其前半段，但是后面有点不知道怎么收尾。,挺好的 一种简洁感 运镜是有考虑的尤其前半段 但是后面有点不知道怎么收尾
隐喻很深，视角很游戏感。莫名有恐怖感，过于造作的深刻。,隐喻很深 视角很游戏感 莫名有恐怖感 过于造作的深刻
非常像游戏，开场我以为我要开始玩stray了。故事有点太弱了我竟然在快结尾的那场戏睡着了,非常像游戏 开场我以为我要开始玩stray了 故事有点太弱了我竟然在快结尾的那场戏睡着了
猫猫模拟器的题材很像前几年很火的游戏Stray，整体结构又更像再往前的陈星汉一系列作品，所以不管是把它当成动物化的人类社会寓言，从物质向精神的自我审视，亦或是宗教式的一次心灵皈依之旅，默片叙事与后文明时代的场景都提供丰富的理解留白。奥斯卡在皮克斯和梦工厂之间把最佳给了这部拉脱维亚独立作品意图再明显不过，大洪水时期来临之际，我们需要更多具有美好品质的个体，共同面对这不可预知的未来。,猫猫模拟器的题材很像前几年很火的游戏Stray 整体结构又更像再往前的陈星汉一系列作品 所以不管是把它当成动物化的人类社会寓言 从物质向精神的自我审视 亦或是宗教式的一次心灵皈依之旅 默片叙事与后文明时代的场景都提供丰富的理解留白 奥斯卡在皮克斯和梦工厂之间把最佳给了这部拉脱维亚独立作品意图再明显不过 大洪水时期来临之际 我们需要更多具有美好品质的个体 共同面对这不可预知的未来
巨大的人类雕像和破败的城镇被洪水淹没，地球在嘲笑人类自诩为世界主宰。蛇鹫归天宛如神启，鲸鱼搁浅好似“一鲸落 万物生”，首尾呼应的水池倒影恰是“见天地 见众生 见自己”。不过，比起各种隐喻性解读，我更愿意相信是动物本性的呈现，没有什么复杂的弯弯绕绕，生下来 活下去，简单朴素，真实动人。,巨大的人类雕像和破败的城镇被洪水淹没 地球在嘲笑人类自诩为世界主宰 蛇鹫归天宛如神启 鲸鱼搁浅好似 一鲸落 万物生 首尾呼应的水池倒影恰是 见天地 见众生 见自己 不过 比起各种隐喻性解读 我更愿意相信是动物本性的呈现 没有什么复杂的弯弯绕绕 生下来 活下去 简单朴素 真实动人
妙，妙不可言，我真的好喜欢这种安静纯粹的动画，很有游戏的感觉，比如陈星汉的flower和风之旅人那种……flow本身也承载了很多有趣的含义与意境，小猫的视角是冷峻却也带有温度的，高冷但却踏实做着实事儿的那种存在，很美好也很让人感动，一路上的跌跌撞撞和各种经历奇遇也是能够触及内心很柔软部分的，不同生物自然对应着人类社会的群像，不同的角色阶级与性格，心大脾气好的树懒，胆小焦虑战战兢兢的囤积癖猴儿，友好却“交友不慎”的快乐小狗hhh，还有负责担当却也勇敢有爱的鸟妈妈，一家人整整齐齐却也各有不同，灾难一般的涨水故事，奇幻般的结局，鸟妈妈化作极光上升天际，面对水坑凝视自己的模样，不知道下一次洪灾会如何到来，诺亚小方舟穿行雨林，水里游鱼五彩斑斓得不像话，空中飞鸟也那样自由，躺在漂浮轻舟远眺天空真的好美！,妙 妙不可言 我真的好喜欢这种安静纯粹的动画 很有游戏的感觉 比如陈星汉的flower和风之旅人那种 flow本身也承载了很多有趣的含义与意境 小猫的视角是冷峻却也带有温度的 高冷但却踏实做着实事儿的那种存在 很美好也很让人感动 一路上的跌跌撞撞和各种经历奇遇也是能够触及内心很柔软部分的 不同生物自然对应着人类社会的群像 不同的角色阶级与性格 心大脾气好的树懒 胆小焦虑战战兢兢的囤积癖猴儿 友好却 交友不慎 的快乐小狗hhh 还有负责担当却也勇敢有爱的鸟妈妈 一家人整整齐齐却也各有不同 灾难一般的涨水故事 奇幻般的结局 鸟妈妈化作极光上升天际 面对水坑凝视自己的模样 不知道下一次洪灾会如何到来 诺亚小方舟穿行雨林 水里游鱼五彩斑斓得不像话 空中飞鸟也那样自由 躺在漂浮轻舟远眺天空真的好美
想立刻回家抱着我的小猫,想立刻回家抱着我的小猫
导演给了很多空间去解读，但作为猫星人真的看得好紧张，过山车一样的虐片！看完回家后自家猫主子照例翻肚皮，例行给他擦眼时忍不住想，如果末日降临自家小猫也要去漂流，他一定也要这么自由勇敢有爱呀！,导演给了很多空间去解读 但作为猫星人真的看得好紧张 过山车一样的虐片 看完回家后自家猫主子照例翻肚皮 例行给他擦眼时忍不住想 如果末日降临自家小猫也要去漂流 他一定也要这么自由勇敢有爱呀
卡皮巴拉是路飞……,卡皮巴拉是路飞
漆黑小猫电影结束我的上影节，虽然我晕3d看得真的很难受orz但是不妨碍这是一部多么可爱的电影，真的很喜欢这种没有什么拟人化的处理,漆黑小猫电影结束我的上影节 虽然我晕3d看得真的很难受orz但是不妨碍这是一部多么可爱的电影 真的很喜欢这种没有什么拟人化的处理
少年猫的奇幻漂流。大洪水来了，人类团灭了，动物们快跑啊，搭上诺亚方舟去看看人类的遗址……,少年猫的奇幻漂流 大洪水来了 人类团灭了 动物们快跑啊 搭上诺亚方舟去看看人类的遗址
聪明猫猫！以及就狗是真的狗哈哈哈哈小拉布拉多～（不太喜欢“哪个动物代表了人类的哪些特质”这种的解读 别人类中心论了 人都没出现！,聪明猫猫 以及就狗是真的狗哈哈哈哈小拉布拉多 不太喜欢 哪个动物代表了人类的哪些特质 这种的解读 别人类中心论了 人都没出现
别错过《猫猫的奇幻漂流》啊，如此诗意，如此biblical，如此可爱。,别错过 猫猫的奇幻漂流 啊 如此诗意 如此biblical 如此可爱
以为很治愈，结果有点致郁。猫咪每一次落水都令人感到压抑和一丢丢绝望。试图代入，不断成长的猫咪，盲目乐天的金毛，稳的一匹卡皮巴拉，孤高的蛇鹫，瞎忙活的狐猴儿，哪个都不会是我。所以我只能是灭绝的人类，两天没饭吃就会饿死。也有一点可能，我会是瞎忙活的狐猴儿，末日来临仍旧惦记自己那一点点人生纪念品。,以为很治愈 结果有点致郁 猫咪每一次落水都令人感到压抑和一丢丢绝望 试图代入 不断成长的猫咪 盲目乐天的金毛 稳的一匹卡皮巴拉 孤高的蛇鹫 瞎忙活的狐猴儿 哪个都不会是我 所以我只能是灭绝的人类 两天没饭吃就会饿死 也有一点可能 我会是瞎忙活的狐猴儿 末日来临仍旧惦记自己那一点点人生纪念品
喜欢的点太多了！一部极富禅意的电影！不用任何台词，碾压当今无数啰里八嗦毫无营养的好莱坞大片！寓意满满却没有任何直给，只是让你自己细细琢磨。剧情自然流畅毫无半分拖沓多余情节。最后，Blender牛逼！！！看的时候就觉得像是blender做的，结果真的是。,喜欢的点太多了 一部极富禅意的电影 不用任何台词 碾压当今无数啰里八嗦毫无营养的好莱坞大片 寓意满满却没有任何直给 只是让你自己细细琢磨 剧情自然流畅毫无半分拖沓多余情节 最后 Blender牛逼 看的时候就觉得像是blender做的 结果真的是
鱼：凭什么其他动物都是通人性，只有我是消耗品,鱼 凭什么其他动物都是通人性 只有我是消耗品
无辜的鱼儿：为什么受伤的总是我？,无辜的鱼儿 为什么受伤的总是我
明媚刺眼却无比虚假的光。,明媚刺眼却无比虚假的光
跟玩纪念碑谷、游荡者: 弗兰肯斯坦的怪物 一样的感觉，有些宁静,跟玩纪念碑谷 游荡者 弗兰肯斯坦的怪物 一样的感觉 有些宁静
"44th 或许是2025年奥斯卡颁发的最实至名归的奖项，打破了迪士尼还停留在1.0时期的合家欢垄断，展现了更丰富的奇思妙想。放弃了对动物的拟人化，对猫、狗、卡皮吧啦、狐猴展现更真实，各种细节捕捉，真的要被萌坏了。心也是跟着Flow一起跌宕起伏，忍不住想要喊出“加油”！
辽阔的想象力，但是又兼具真实动物的生态，体现人类早已失去的真善美",44th 或许是2025年奥斯卡颁发的最实至名归的奖项 打破了迪士尼还停留在1 0时期的合家欢垄断 展现了更丰富的奇思妙想 放弃了对动物的拟人化 对猫 狗 卡皮吧啦 狐猴展现更真实 各种细节捕捉 真的要被萌坏了 心也是跟着Flow一起跌宕起伏 忍不住想要喊出 加油 辽阔的想象力 但是又兼具真实动物的生态 体现人类早已失去的真善美
#7 xs论学游泳的重要性（兔子在原地活得好好的= =,7 xs论学游泳的重要性 兔子在原地活得好好的
技术不错、画面很美，但是无对白和镜头实在太催眠，一直到救卡皮巴拉时我才来精神，接着就结束了……,技术不错 画面很美 但是无对白和镜头实在太催眠 一直到救卡皮巴拉时我才来精神 接着就结束了
没有对白吗？不，对白很多，非常非常多。,没有对白吗 不 对白很多 非常非常多
太灵了，沉浸在画面里，以及感受到了狗是永远的宠物，鱼是永远的食物。,太灵了 沉浸在画面里 以及感受到了狗是永远的宠物 鱼是永远的食物
猫猫视角版的诺亚方舟。美术和音乐都很绝，画面好美，音乐拽得我心情上下起伏。情节很紧凑，没有一句台词，但你的心就是会不自觉地收紧放开再收紧再放开。不过看完心里莫名的难受，本身波涛＋深海自带一种窒息感，另外因为看预告的时候预设了这是一部类似于海贼王的大冒险影片，但看完之后更多的是一种……水中的歌利亚的感觉……猫猫每次望着水面中的自己，好像都是一次向过去的告别，告别故居（未经世事的自己），告别大鸟（坚定站自己并不惜付出代价的朋友），告别鲸鱼（不显于形的给予过家人般的托举）……不过，相应的也有获得，水面上多了另外三位新朋友，但后面的生活尚未展开……对我来说，真是一部既美丽又悲伤的片子,猫猫视角版的诺亚方舟 美术和音乐都很绝 画面好美 音乐拽得我心情上下起伏 情节很紧凑 没有一句台词 但你的心就是会不自觉地收紧放开再收紧再放开 不过看完心里莫名的难受 本身波涛 深海自带一种窒息感 另外因为看预告的时候预设了这是一部类似于海贼王的大冒险影片 但看完之后更多的是一种 水中的歌利亚的感觉 猫猫每次望着水面中的自己 好像都是一次向过去的告别 告别故居 未经世事的自己 告别大鸟 坚定站自己并不惜付出代价的朋友 告别鲸鱼 不显于形的给予过家人般的托举 不过 相应的也有获得 水面上多了另外三位新朋友 但后面的生活尚未展开 对我来说 真是一部既美丽又悲伤的片子
"20250303 资料馆
大银幕观影加了一星，无法抵挡猫猫的可爱攻击，心要化了。非常有沉浸感的猫猫末世漂流记，诺亚方舟上没有人简直是最美的寓言故事。",20250303 资料馆 大银幕观影加了一星 无法抵挡猫猫的可爱攻击 心要化了 非常有沉浸感的猫猫末世漂流记 诺亚方舟上没有人简直是最美的寓言故事
巨幕看的。。不停切换视角的镜头快把我转吐了，同时大洪水巨物恐惧快把我吓吐了。。但是真迷人。。头一次在lovecraft的小说之外感受到了lovecraft。。而且他超爱猫猫的。。必须是lovecraft猫猫！明媚友爱温柔版XD,巨幕看的 不停切换视角的镜头快把我转吐了 同时大洪水巨物恐惧快把我吓吐了 但是真迷人 头一次在lovecraft的小说之外感受到了lovecraft 而且他超爱猫猫的 必须是lovecraft猫猫 明媚友爱温柔版XD
猫猫简直就是国产大女主猫设，即使世界末日也有人爱我，我还能活到最后。,猫猫简直就是国产大女主猫设 即使世界末日也有人爱我 我还能活到最后
"好喜欢，是不拟人化的小动物诶! 
单是观察它们的动作神态都特别疗愈。豚豚真是好peaceful啊。
扣一星是因为我大部分时间我都看得心惊胆战。",好喜欢 是不拟人化的小动物诶 单是观察它们的动作神态都特别疗愈 豚豚真是好peaceful啊 扣一星是因为我大部分时间我都看得心惊胆战
"No.1964【B+】有深海恐惧症和有巨物恐惧症 慎看 
一直在洪水里扑腾的小猫 能把我吓死😦",No 1964 B 有深海恐惧症和有巨物恐惧症 慎看 一直在洪水里扑腾的小猫 能把我吓死
2.9 比较简单的游戏速度体验，适合亲子观众。,2 9 比较简单的游戏速度体验 适合亲子观众
没对白真的很容易走神儿，可能我的潜意识更倾向淹死自己吧,没对白真的很容易走神儿 可能我的潜意识更倾向淹死自己吧
"大洪水突入其来，猫猫搭上诺亚方舟。传统神话故事，化作只有小动物的一场冒险旅程。同舟共济，伙伴之间有着不同关系，有吵闹、有互助、有危机，最终最后恢复平静。
拉脱维亚导演的动画电影，零对白，可以穿越语言隔阂有了世界共鸣。",大洪水突入其来 猫猫搭上诺亚方舟 传统神话故事 化作只有小动物的一场冒险旅程 同舟共济 伙伴之间有着不同关系 有吵闹 有互助 有危机 最终最后恢复平静 拉脱维亚导演的动画电影 零对白 可以穿越语言隔阂有了世界共鸣
画面和摄影美到过分，后人类时代末世的诺亚方舟，最朴素的情感和对生命的敬畏，前半部更好，片尾字幕要看完啊从深水上升的设计好棒,画面和摄影美到过分 后人类时代末世的诺亚方舟 最朴素的情感和对生命的敬畏 前半部更好 片尾字幕要看完啊从深水上升的设计好棒
HKFFF53@CT 画风新奇，但是没看太懂。,HKFFF53 CT 画风新奇 但是没看太懂
寓意深刻，只是以动物替代了人类而已。蛇鹫最有灵性，它预测到了恶狗上船后的结果，放弃舵之后，上了灵山。如果没有同船动物的背叛，它会不会引领它们一起走向灵山呢？,寓意深刻 只是以动物替代了人类而已 蛇鹫最有灵性 它预测到了恶狗上船后的结果 放弃舵之后 上了灵山 如果没有同船动物的背叛 它会不会引领它们一起走向灵山呢
百丽宫陆家嘴中心，4.0分。非常宗教感的片子，甚至会让我想起《Witness》这个游戏，就是那种困境和目的如此天降一般，同时无人声的故事里以一种动物自然表演的感觉演出很符号化的公路/自我发现故事的框架（除了笨拉布拉多的恶犬朋友，几乎要落入人类故事但是莫名其妙没了）。加上片子的质感选择，非常“粗糙”且风格化，有一种古早建模的片状感，但整体、尤其水下部分又做的让人很舒服。总的来说这片子拿奥斯卡，是不是说明大家都累得不想再看重工/过度包装的东西了，一个不需要几层看懂的动物互动片足矣。,百丽宫陆家嘴中心 4 0分 非常宗教感的片子 甚至会让我想起 Witness 这个游戏 就是那种困境和目的如此天降一般 同时无人声的故事里以一种动物自然表演的感觉演出很符号化的公路 自我发现故事的框架 除了笨拉布拉多的恶犬朋友 几乎要落入人类故事但是莫名其妙没了 加上片子的质感选择 非常 粗糙 且风格化 有一种古早建模的片状感 但整体 尤其水下部分又做的让人很舒服 总的来说这片子拿奥斯卡 是不是说明大家都累得不想再看重工 过度包装的东西了 一个不需要几层看懂的动物互动片足矣
菩萨心肠玛卡巴卡，体力超强小黑猫，有勇有谋大白鸟，收藏大佬小狐猴，还有一只快乐小狗。一场毫无征兆的洪水引发了求生、保护和送别的人生体验，归天场景尤其神圣梦幻，看完觉得好感动。,菩萨心肠玛卡巴卡 体力超强小黑猫 有勇有谋大白鸟 收藏大佬小狐猴 还有一只快乐小狗 一场毫无征兆的洪水引发了求生 保护和送别的人生体验 归天场景尤其神圣梦幻 看完觉得好感动
这个世界没了猫猫，才是真的世界末日。,这个世界没了猫猫 才是真的世界末日
@CBD万达首映 游戏引擎视点的引入为本片增添了许多本不属于动画电影的运动镜头，可以说本片完全可以当作以猫为第一人称的冒险游戏（录制）。剧情文本方面如果仅作为“诺亚方舟”的复刻，稍显单薄，每一段插叙仅作为次要人物的前传，影片在最后企图营造出“仪式/庆典”之类的神话倾向，而这样常见的童话（儿童文学）叙事在情绪表达上当然是高潮的，但也是平庸的。,CBD万达首映 游戏引擎视点的引入为本片增添了许多本不属于动画电影的运动镜头 可以说本片完全可以当作以猫为第一人称的冒险游戏 录制 剧情文本方面如果仅作为 诺亚方舟 的复刻 稍显单薄 每一段插叙仅作为次要人物的前传 影片在最后企图营造出 仪式 庆典 之类的神话倾向 而这样常见的童话 儿童文学 叙事在情绪表达上当然是高潮的 但也是平庸的
3.4 想象在一块imax的银幕上玩塞尔达，猫猫的感受太强烈了，像第一人称的探险游戏。很少在动画片上感到紧张，代入感太强烈，涌起的海浪，硕大的雕像，飞跃的鲸，某种神性降临。,3 4 想象在一块imax的银幕上玩塞尔达 猫猫的感受太强烈了 像第一人称的探险游戏 很少在动画片上感到紧张 代入感太强烈 涌起的海浪 硕大的雕像 飞跃的鲸 某种神性降临
猫猫善良勇敢有朋友，蛇鹫像有原则的知识分子，卡皮巴拉是好人，狐猴拥抱族群守着财宝也太像人了，拉布拉多是忠诚的好朋友但是狗朋友们也太狗了。最后结局没完全懂，悲观一点猜测可能洪水登顶所有人天堂相见了，褪去得太突然也太匪夷所思。,猫猫善良勇敢有朋友 蛇鹫像有原则的知识分子 卡皮巴拉是好人 狐猴拥抱族群守着财宝也太像人了 拉布拉多是忠诚的好朋友但是狗朋友们也太狗了 最后结局没完全懂 悲观一点猜测可能洪水登顶所有人天堂相见了 褪去得太突然也太匪夷所思
跟着猫猫看世界，画面很美，剧情性偏弱，大洪水的寓言故事通俗易懂，小动物们最后互帮互助的情谊也很感人。这部片对于不同动物的习性特性表现得太到位了，傻狗不愧是傻狗，狐猴是最大受害者，以及卡皮巴拉也太好了吧！！,跟着猫猫看世界 画面很美 剧情性偏弱 大洪水的寓言故事通俗易懂 小动物们最后互帮互助的情谊也很感人 这部片对于不同动物的习性特性表现得太到位了 傻狗不愧是傻狗 狐猴是最大受害者 以及卡皮巴拉也太好了吧
"咪咪喵喵哼哼唧唧的可爱朋友们 生命的此消彼长也是一种I am rooted, but I flow // king julien！",咪咪喵喵哼哼唧唧的可爱朋友们 生命的此消彼长也是一种I am rooted but I flow king julien
是我曾经做过的梦。,是我曾经做过的梦
